Date,"Crude oil, average | ($/bbl)","Crude oil, Brent | ($/bbl)","Crude oil, Dubai | ($/bbl)","Crude oil, WTI | ($/bbl)","Coal, Australian | ($/mt)","Coal, South African ** | ($/mt)","Natural gas, US | ($/mmbtu)","Natural gas, Europe | ($/mmbtu)","Liquefied natural gas, Japan | ($/mmbtu)",Natural gas index | (2010=100)
1960-01,1.63000011444,1.63000011444,1.63000011444,,,,0.14,0.40477399635,,
1960-02,1.63000011444,1.63000011444,1.63000011444,,,,0.14,0.40477399635,,
1960-03,1.63000011444,1.63000011444,1.63000011444,,,,0.14,0.40477399635,,
1960-04,1.63000011444,1.63000011444,1.63000011444,,,,0.14,0.40477399635,,
1960-05,1.63000011444,1.63000011444,1.63000011444,,,,0.14,0.40477399635,,
1960-06,1.63000011444,1.63000011444,1.63000011444,,,,0.14,0.40477399635,,
1960-07,1.63000011444,1.63000011444,1.63000011444,,,,0.14,0.40477399635,,
1960-08,1.63000011444,1.63000011444,1.63000011444,,,,0.14,0.40477399635,,
1960-09,1.63000011444,1.63000011444,1.63000011444,,,,0.14,0.40477399635,,
1960-10,1.63000011444,1.63000011444,1.63000011444,,,,0.14,0.40477399635,,
1960-11,1.63000011444,1.63000011444,1.63000011444,,,,0.14,0.40477399635,,
1960-12,1.63000011444,1.63000011444,1.63000011444,,,,0.14,0.40477399635,,
1961-01,1.57,1.57,1.57,,,,0.15,0.40477399635,,
1961-02,1.57,1.57,1.57,,,,0.15,0.40477399635,,
1961-03,1.57,1.57,1.57,,,,0.15,0.40477399635,,
1961-04,1.57,1.57,1.57,,,,0.15,0.40477399635,,
1961-05,1.57,1.57,1.57,,,,0.15,0.40477399635,,
1961-06,1.57,1.57,1.57,,,,0.15,0.40477399635,,
1961-07,1.57,1.57,1.57,,,,0.15,0.40477399635,,
1961-08,1.57,1.57,1.57,,,,0.15,0.40477399635,,
1961-09,1.57,1.57,1.57,,,,0.15,0.40477399635,,
1961-10,1.57,1.57,1.57,,,,0.15,0.40477399635,,
1961-11,1.57,1.57,1.57,,,,0.15,0.40477399635,,
1961-12,1.57,1.57,1.57,,,,0.15,0.40477399635,,
1962-01,1.52,1.52,1.52,,,,0.16,0.40477399635,,
1962-02,1.52,1.52,1.52,,,,0.16,0.40477399635,,
1962-03,1.52,1.52,1.52,,,,0.16,0.40477399635,,
1962-04,1.52,1.52,1.52,,,,0.16,0.40477399635,,
1962-05,1.52,1.52,1.52,,,,0.16,0.40477399635,,
1962-06,1.52,1.52,1.52,,,,0.16,0.40477399635,,
1962-07,1.52,1.52,1.52,,,,0.16,0.40477399635,,
1962-08,1.52,1.52,1.52,,,,0.16,0.40477399635,,
1962-09,1.52,1.52,1.52,,,,0.16,0.40477399635,,
1962-10,1.52,1.52,1.52,,,,0.16,0.40477399635,,
1962-11,1.52,1.52,1.52,,,,0.16,0.40477399635,,
1962-12,1.52,1.52,1.52,,,,0.16,0.40477399635,,
1963-01,1.5,1.5,1.5,,,,0.16,0.39135113795,,
1963-02,1.5,1.5,1.5,,,,0.16,0.39135113795,,
1963-03,1.5,1.5,1.5,,,,0.16,0.39135113795,,
1963-04,1.5,1.5,1.5,,,,0.16,0.39135113795,,
1963-05,1.5,1.5,1.5,,,,0.16,0.39135113795,,
1963-06,1.5,1.5,1.5,,,,0.16,0.39135113795,,
1963-07,1.5,1.5,1.5,,,,0.16,0.39135113795,,
1963-08,1.5,1.5,1.5,,,,0.16,0.39135113795,,
1963-09,1.5,1.5,1.5,,,,0.16,0.39135113795,,
1963-10,1.5,1.5,1.5,,,,0.16,0.39135113795,,
1963-11,1.5,1.5,1.5,,,,0.16,0.39135113795,,
1963-12,1.5,1.5,1.5,,,,0.16,0.39135113795,,
1964-01,1.45,1.45,1.45,,,,0.15,0.38414980236,,
1964-02,1.45,1.45,1.45,,,,0.15,0.38414980236,,
1964-03,1.45,1.45,1.45,,,,0.15,0.38414980236,,
1964-04,1.45,1.45,1.45,,,,0.15,0.38414980236,,
1964-05,1.45,1.45,1.45,,,,0.15,0.38414980236,,
1964-06,1.45,1.45,1.45,,,,0.15,0.38414980236,,
1964-07,1.45,1.45,1.45,,,,0.15,0.38414980236,,
1964-08,1.45,1.45,1.45,,,,0.15,0.38414980236,,
1964-09,1.45,1.45,1.45,,,,0.15,0.38414980236,,
1964-10,1.45,1.45,1.45,,,,0.15,0.38414980236,,
1964-11,1.45,1.45,1.45,,,,0.15,0.38414980236,,
1964-12,1.45,1.45,1.45,,,,0.15,0.38414980236,,
1965-01,1.42,1.42,1.42,,,,0.16,0.41076610522,,
1965-02,1.42,1.42,1.42,,,,0.16,0.41076610522,,
1965-03,1.42,1.42,1.42,,,,0.16,0.41076610522,,
1965-04,1.42,1.42,1.42,,,,0.16,0.41076610522,,
1965-05,1.42,1.42,1.42,,,,0.16,0.41076610522,,
1965-06,1.42,1.42,1.42,,,,0.16,0.41076610522,,
1965-07,1.42,1.42,1.42,,,,0.16,0.41076610522,,
1965-08,1.42,1.42,1.42,,,,0.16,0.41076610522,,
1965-09,1.42,1.42,1.42,,,,0.16,0.41076610522,,
1965-10,1.42,1.42,1.42,,,,0.16,0.41076610522,,
1965-11,1.42,1.42,1.42,,,,0.16,0.41076610522,,
1965-12,1.42,1.42,1.42,,,,0.16,0.41076610522,,
1966-01,1.36,1.36,1.36,,,,0.16,0.42492866514,,
1966-02,1.36,1.36,1.36,,,,0.16,0.42492866514,,
1966-03,1.36,1.36,1.36,,,,0.16,0.42492866514,,
1966-04,1.36,1.36,1.36,,,,0.16,0.42492866514,,
1966-05,1.36,1.36,1.36,,,,0.16,0.42492866514,,
1966-06,1.36,1.36,1.36,,,,0.16,0.42492866514,,
1966-07,1.36,1.36,1.36,,,,0.16,0.42492866514,,
1966-08,1.36,1.36,1.36,,,,0.16,0.42492866514,,
1966-09,1.36,1.36,1.36,,,,0.16,0.42492866514,,
1966-10,1.36,1.36,1.36,,,,0.16,0.42492866514,,
1966-11,1.36,1.36,1.36,,,,0.16,0.42492866514,,
1966-12,1.36,1.36,1.36,,,,0.16,0.42492866514,,
1967-01,1.33,1.33,1.33,,,,0.16,0.45664737628,,
1967-02,1.33,1.33,1.33,,,,0.16,0.45664737628,,
1967-03,1.33,1.33,1.33,,,,0.16,0.45664737628,,
1967-04,1.33,1.33,1.33,,,,0.16,0.45664737628,,
1967-05,1.33,1.33,1.33,,,,0.16,0.45664737628,,
1967-06,1.33,1.33,1.33,,,,0.16,0.45664737628,,
1967-07,1.33,1.33,1.33,,,,0.16,0.45664737628,,
1967-08,1.33,1.33,1.33,,,,0.16,0.45664737628,,
1967-09,1.33,1.33,1.33,,,,0.16,0.45664737628,,
1967-10,1.33,1.33,1.33,,,,0.16,0.45664737628,,
1967-11,1.33,1.33,1.33,,,,0.16,0.45664737628,,
1967-12,1.33,1.33,1.33,,,,0.16,0.45664737628,,
1968-01,1.32,1.32,1.32,,,,0.16,0.45180187737,,
1968-02,1.32,1.32,1.32,,,,0.16,0.45180187737,,
1968-03,1.32,1.32,1.32,,,,0.16,0.45180187737,,
1968-04,1.32,1.32,1.32,,,,0.16,0.45180187737,,
1968-05,1.32,1.32,1.32,,,,0.16,0.45180187737,,
1968-06,1.32,1.32,1.32,,,,0.16,0.45180187737,,
1968-07,1.32,1.32,1.32,,,,0.16,0.45180187737,,
1968-08,1.32,1.32,1.32,,,,0.16,0.45180187737,,
1968-09,1.32,1.32,1.32,,,,0.16,0.45180187737,,
1968-10,1.32,1.32,1.32,,,,0.16,0.45180187737,,
1968-11,1.32,1.32,1.32,,,,0.16,0.45180187737,,
1968-12,1.32,1.32,1.32,,,,0.16,0.45180187737,,
1969-01,1.27,1.27,1.27,,,,0.17,0.45181991824,,
1969-02,1.27,1.27,1.27,,,,0.17,0.45181991824,,
1969-03,1.27,1.27,1.27,,,,0.17,0.45181991824,,
1969-04,1.27,1.27,1.27,,,,0.17,0.45181991824,,
1969-05,1.27,1.27,1.27,,,,0.17,0.45181991824,,
1969-06,1.27,1.27,1.27,,,,0.17,0.45181991824,,
1969-07,1.27,1.27,1.27,,,,0.17,0.45181991824,,
1969-08,1.27,1.27,1.27,,,,0.17,0.45181991824,,
1969-09,1.27,1.27,1.27,,,,0.17,0.45181991824,,
1969-10,1.27,1.27,1.27,,,,0.17,0.45181991824,,
1969-11,1.27,1.27,1.27,,,,0.17,0.45181991824,,
1969-12,1.27,1.27,1.27,,,,0.17,0.45181991824,,
1970-01,1.21,1.21,1.21,,7.8,,0.17,0.44721801014,,
1970-02,1.21,1.21,1.21,,7.8,,0.17,0.44721801014,,
1970-03,1.21,1.21,1.21,,7.8,,0.17,0.44721801014,,
1970-04,1.21,1.21,1.21,,7.8,,0.17,0.44721801014,,
1970-05,1.21,1.21,1.21,,7.8,,0.17,0.44721801014,,
1970-06,1.21,1.21,1.21,,7.8,,0.17,0.44721801014,,
1970-07,1.21,1.21,1.21,,7.8,,0.17,0.44721801014,,
1970-08,1.21,1.21,1.21,,7.8,,0.17,0.44721801014,,
1970-09,1.21,1.21,1.21,,7.8,,0.17,0.44721801014,,
1970-10,1.21,1.21,1.21,,7.8,,0.17,0.44721801014,,
1970-11,1.21,1.21,1.21,,7.8,,0.17,0.44721801014,,
1970-12,1.21,1.21,1.21,,7.8,,0.17,0.44721801014,,
1971-01,1.64,1.64,1.64,,8.68,,0.18,0.50224354379,,
1971-02,1.64,1.64,1.64,,8.68,,0.18,0.50224354379,,
1971-03,1.64,1.64,1.64,,8.68,,0.18,0.50224354379,,
1971-04,1.64,1.64,1.64,,8.68,,0.18,0.50224354379,,
1971-05,1.64,1.64,1.64,,8.68,,0.18,0.50224354379,,
1971-06,1.64,1.64,1.64,,8.68,,0.18,0.50224354379,,
1971-07,1.74,1.74,1.74,,8.68,,0.18,0.50224354379,,
1971-08,1.74,1.74,1.74,,8.68,,0.18,0.50224354379,,
1971-09,1.74,1.74,1.74,,8.68,,0.18,0.50224354379,,
1971-10,1.74,1.74,1.74,,8.68,,0.18,0.50224354379,,
1971-11,1.74,1.74,1.74,,8.68,,0.18,0.50224354379,,
1971-12,1.74,1.74,1.74,,8.68,,0.18,0.50224354379,,
1972-01,1.77,1.77,1.77,,9.6,,0.19,0.54216598655,,
1972-02,1.77,1.77,1.77,,9.6,,0.19,0.54216598655,,
1972-03,1.77,1.77,1.77,,9.6,,0.19,0.54216598655,,
1972-04,1.77,1.77,1.77,,9.6,,0.19,0.54216598655,,
1972-05,1.77,1.77,1.77,,9.6,,0.19,0.54216598655,,
1972-06,1.77,1.77,1.77,,9.6,,0.19,0.54216598655,,
1972-07,1.87,1.87,1.87,,9.6,,0.19,0.54216598655,,
1972-08,1.87,1.87,1.87,,9.6,,0.19,0.54216598655,,
1972-09,1.87,1.87,1.87,,9.6,,0.19,0.54216598655,,
1972-10,1.87,1.87,1.87,,9.6,,0.19,0.54216598655,,
1972-11,1.87,1.87,1.87,,9.6,,0.19,0.54216598655,,
1972-12,1.87,1.87,1.87,,9.6,,0.19,0.54216598655,,
1973-01,2.08,2.08,2.08,,11.48,,0.21,0.69350672431,,
1973-02,2.08,2.08,2.08,,11.48,,0.21,0.69350672431,,
1973-03,2.08,2.08,2.08,,11.48,,0.21,0.69350672431,,
1973-04,2.35,2.35,2.35,,11.48,,0.21,0.69350672431,,
1973-05,2.35,2.35,2.35,,11.48,,0.21,0.69350672431,,
1973-06,2.35,2.35,2.35,,11.48,,0.21,0.69350672431,,
1973-07,2.7,2.7,2.7,,11.48,,0.21,0.69350672431,,
1973-08,2.7,2.7,2.7,,11.48,,0.21,0.69350672431,,
1973-09,2.7,2.7,2.7,,11.48,,0.21,0.69350672431,,
1973-10,4.1,4.1,4.1,,11.48,,0.21,0.69350672431,,
1973-11,4.1,4.1,4.1,,11.48,,0.21,0.69350672431,,
1973-12,4.1,4.1,4.1,,11.48,,0.21,0.69350672431,,
1974-01,13.0,13.0,13.0,,16.89,,0.29,1.73,,
1974-02,13.0,13.0,13.0,,16.89,,0.29,1.73,,
1974-03,13.0,13.0,13.0,,16.89,,0.29,1.73,,
1974-04,10.59999847412,10.59999847412,10.59999847412,,16.89,,0.29,1.73,,
1974-05,10.59999847412,10.59999847412,10.59999847412,,16.89,,0.29,1.73,,
1974-06,10.59999847412,10.59999847412,10.59999847412,,16.89,,0.29,1.73,,
1974-07,10.0,10.0,10.0,,16.89,,0.29,1.73,,
1974-08,10.0,10.0,10.0,,16.89,,0.29,1.73,,
1974-09,10.0,10.0,10.0,,16.89,,0.29,1.73,,
1974-10,10.29999923706,10.29999923706,10.29999923706,,16.89,,0.29,1.73,,
1974-11,10.29999923706,10.29999923706,10.29999923706,,16.89,,0.29,1.73,,
1974-12,10.29999923706,10.29999923706,10.29999923706,,16.89,,0.29,1.73,,
1975-01,10.42000007629,10.42000007629,10.42000007629,,26.84,,0.43,1.68209359077,,
1975-02,10.42000007629,10.42000007629,10.42000007629,,26.84,,0.43,1.68209359077,,
1975-03,10.42000007629,10.42000007629,10.42000007629,,26.84,,0.43,1.68209359077,,
1975-04,10.42000007629,10.42000007629,10.42000007629,,26.84,,0.43,1.68209359077,,
1975-05,10.42000007629,10.42000007629,10.42000007629,,26.84,,0.43,1.68209359077,,
1975-06,10.42000007629,10.42000007629,10.42000007629,,26.84,,0.43,1.68209359077,,
1975-07,10.43000030518,10.43000030518,10.43000030518,,26.84,,0.43,1.68209359077,,
1975-08,10.43000030518,10.43000030518,10.43000030518,,26.84,,0.43,1.68209359077,,
1975-09,10.43000030518,10.43000030518,10.43000030518,,26.84,,0.43,1.68209359077,,
1975-10,10.46000003815,10.46000003815,10.46000003815,,26.84,,0.43,1.68209359077,,
1975-11,10.46000003815,10.46000003815,10.46000003815,,26.84,,0.43,1.68209359077,,
1975-12,10.46000003815,10.46000003815,10.46000003815,,26.84,,0.43,1.68209359077,,
1976-01,11.51000022888,11.51000022888,11.51000022888,,27.16,,0.54,1.73511329971,,
1976-02,11.51000022888,11.51000022888,11.51000022888,,27.16,,0.54,1.73511329971,,
1976-03,11.51000022888,11.51000022888,11.51000022888,,27.16,,0.54,1.73511329971,,
1976-04,11.51000022888,11.51000022888,11.51000022888,,27.16,,0.55,1.73511329971,,
1976-05,11.51000022888,11.51000022888,11.51000022888,,27.16,,0.55,1.73511329971,,
1976-06,11.51000022888,11.51000022888,11.51000022888,,27.16,,0.58,1.73511329971,,
1976-07,11.60000038147,11.60000038147,11.60000038147,,27.16,,0.58,1.73511329971,,
1976-08,11.60000038147,11.60000038147,11.60000038147,,27.16,,0.6,1.73511329971,,
1976-09,11.60000038147,11.60000038147,11.60000038147,,27.16,,0.6,1.73511329971,,
1976-10,11.89999961853,11.89999961853,11.89999961853,,27.16,,0.62,1.73511329971,,
1976-11,11.89999961853,11.89999961853,11.89999961853,,27.16,,0.63,1.73511329971,,
1976-12,11.89999961853,11.89999961853,11.89999961853,,27.16,,0.64,1.73511329971,,
1977-01,12.5,12.5,12.5,,28.68,,0.67,1.79162260682,2.77116287282,18.53083076396
1977-02,12.5,12.5,12.5,,28.68,,0.71,1.79162260682,2.77116287282,19.01656568291
1977-03,12.5,12.5,12.5,,28.68,,0.75,1.79162260682,2.77116287282,19.50230060185
1977-04,12.44999980927,12.44999980927,12.44999980927,,28.68,,0.77,1.79162260682,2.77116287282,19.74516806133
1977-05,12.44999980927,12.44999980927,12.44999980927,,28.67777777778,,0.77,1.79162260682,2.77116287282,19.74516806133
1977-06,12.44999980927,12.44999980927,12.44999980927,,28.67777777778,,0.82,1.79162260682,2.77116287282,20.35233671001
1977-07,12.63000011444,12.63000011444,12.63000011444,,28.67777777778,,0.83,1.79162260682,2.77116287282,20.47377043975
1977-08,12.63000011444,12.63000011444,12.63000011444,,28.67777777778,,0.82,1.79162260682,2.77116287282,20.35233671001
1977-09,12.63000011444,12.63000011444,12.63000011444,,28.67777777778,,0.83,1.79162260682,2.77116287282,20.47377043975
1977-10,12.68000030518,12.68000030518,12.68000030518,,28.67777777778,,0.84,1.79162260682,2.77116287282,20.59520416948
1977-11,12.68000030518,12.68000030518,12.68000030518,,28.67777777778,,0.83,1.79162260682,2.77116287282,20.47377043975
1977-12,12.68000030518,12.68000030518,12.68000030518,,28.67777777778,,0.84,1.79162260682,2.77116287282,20.59520416948
1978-01,12.65999984741,12.65999984741,12.65999984741,,27.86888888889,,0.87,2.30221809927,3.03608084204,23.56634259036
1978-02,12.65999984741,12.65999984741,12.65999984741,,27.06,,0.88,2.30221809927,3.03608084204,23.6877763201
1978-03,12.65999984741,12.65999984741,12.65999984741,,27.06,,0.89,2.30221809927,3.03608084204,23.80921004984
1978-04,12.68000030518,12.68000030518,12.68000030518,,27.06,,0.88,2.30221809927,3.03608084204,23.6877763201
1978-05,12.69999980927,12.69999980927,12.69999980927,,28.605,,0.91,2.30221809927,3.03608084204,24.05207750931
1978-06,12.72999954224,12.72999954224,12.72999954224,,30.15,,0.91,2.30221809927,3.03608084204,24.05207750931
1978-07,12.77000045776,12.77000045776,12.77000045776,,30.15,,0.89,2.30221809927,3.03608084204,23.80921004984
1978-08,12.78999996185,12.78999996185,12.78999996185,,30.15,,0.91,2.30221809927,3.03608084204,24.05207750931
1978-09,12.80000019073,12.80000019073,12.80000019073,,30.15,,0.92,2.30221809927,3.03608084204,24.17351123905
1978-10,12.85000038147,12.85000038147,12.85000038147,,30.15,,0.92,2.30221809927,3.03608084204,24.17351123905
1978-11,13.19999980927,13.19999980927,13.19999980927,,30.15,,0.93,2.30221809927,3.03608084204,24.29494496878
1978-12,14.5,14.5,14.5,,30.15,,0.96,2.30221809927,3.03608084204,24.65924615799
1979-01,17.4500002861,18.95000076294,15.94999980927,,30.15,,1.02,3.25948857485,3.69242291557,30.38335382194
1979-02,20.75,22.0,19.5,,30.15,,1.05,3.25948857485,3.69242291557,30.74765501115
1979-03,22.02499961853,23.25,20.79999923706,,30.15,,1.1,3.25948857485,3.69242291557,31.35482365983
1979-04,22.42500019073,23.64999961853,21.20000076294,,30.15,,1.11,3.25948857485,3.69242291557,31.47625738957
1979-05,33.5,32.75,34.25,,30.15,,1.15,3.25948857485,3.69242291557,31.96199230852
1979-06,34.67499923706,36.5,32.84999847412,,30.15,,1.17,3.25948857485,3.69242291557,32.20485976799
1979-07,33.5,35.0,32.0,,30.15,,1.2,3.25948857485,3.69242291557,32.5691609572
1979-08,34.0,35.75,32.25,,31.26,,1.24,3.25948857485,3.69242291557,33.05489587615
1979-09,35.5,36.5,34.5,,31.26,,1.24,3.25948857485,3.69242291557,33.05489587615
1979-10,37.25,38.5,36.0,,32.37,,1.28,3.25948857485,3.69242291557,33.54063079509
1979-11,40.75,42.0,39.5,,32.37,,1.29,3.25948857485,3.69242291557,33.66206452483
1979-12,39.75,40.5,39.0,,32.37,,1.31,3.25948857485,3.69242291557,33.9049319843
1980-01,39.0,40.0,38.0,,32.37,,1.37,4.22,5.69622732832,40.55734480308
1980-02,37.25,38.5,36.0,,32.37,,1.42,4.22,5.69622732832,41.16451345176
1980-03,37.0,38.25,35.75,,32.37,,1.46,4.22,5.69622732832,41.65024837071
1980-04,36.57500076294,38.15000152588,35.0,,39.54,,1.51,4.22,5.69622732832,42.25741701939
1980-05,37.04999923706,38.5,35.59999847412,,40.14,,1.56,4.22,5.69622732832,42.86458566808
1980-06,37.0,38.0,36.0,,40.74,,1.57,4.22,5.69622732832,42.98601939781
1980-07,35.375,37.40000152588,33.34999847412,,40.74,,1.64,4.22,5.69622732832,43.83605550597
1980-08,32.94999885559,33.59999847412,32.29999923706,,44.24,,1.64,4.22,5.69622732832,43.83605550597
1980-09,32.82500076294,33.40000152588,32.25,,44.61,,1.69,4.22,5.69622732832,44.44322415465
1980-10,37.35000038147,37.90000152588,36.79999923706,,44.61,,1.71,4.22,5.69622732832,44.68609161413
1980-11,40.29999923706,40.84999847412,39.75,,44.98,,1.76,4.22,5.69622732832,45.29326026281
1980-12,39.75,40.15000152588,39.34999847412,,44.98,,1.74,4.22,5.69622732832,45.05039280334
1981-01,39.77499961853,40.29999923706,39.25,,44.98,,1.77,4.6,6.0303414353400004,47.44756383319
1981-02,37.89999961853,38.70000076294,37.09999847412,,44.98,,1.81,4.6,6.0303414353400004,47.93329875214
1981-03,37.59999847412,38.34999847412,36.84999847412,,44.98,,1.86,4.6,6.0303414353400004,48.54046740082
1981-04,36.36999893188,37.18999862671,35.54999923706,,56.5,,1.93,4.6,6.0303414353400004,49.39050350898
1981-05,34.28499984741,35.18999862671,33.38000106812,,56.5,,1.95,4.6,6.0303414353400004,49.63337096845
1981-06,32.70999908447,33.25,32.16999816895,,56.5,,1.95,4.6,6.0303414353400004,49.63337096845
1981-07,33.51000022888,35.06000137329,31.95999908447,,56.5,,2.01,4.6,6.0303414353400004,50.36197334687
1981-08,33.984998703,35.79999923706,32.16999816895,,56.5,,2.02,4.6,6.0303414353400004,50.48340707661
1981-09,33.98500061035,35.90999984741,32.06000137329,,56.5,,2.08,4.6,6.0303414353400004,51.21200945503
1981-10,34.61000061035,36.54000091553,32.68000030518,,56.5,,2.11,4.6,6.0303414353400004,51.57631064424
1981-11,35.68000030518,37.11999893188,34.24000167847,,56.5,,2.15,4.6,6.0303414353400004,52.06204556319
1981-12,35.40999984741,36.70000076294,34.11999893188,,56.5,,2.16,4.6,6.0303414353400004,52.18347929292
1982-01,35.04999949137,35.84999847412,34.0,35.3,55.61,,2.23,4.45,6.05162239889,52.33483726964
1982-02,32.27333348592,31.62000083923,30.39999961853,34.8,55.61,,2.3,4.45,6.05162239889,53.1848733778
1982-03,30.16666653951,29.29999923706,28.60000038147,32.6,55.61,,2.35,4.45,6.05162239889,53.79204202648
1982-04,31.56666603088,33.11999893188,30.87999916077,30.7,55.61,,2.4,4.45,6.05162239889,54.39921067517
1982-05,33.04333292643,35.18000030518,33.34999847412,30.6,55.61,,2.45,4.45,6.05162239889,55.00637932385
1982-06,32.76666666667,34.59999847412,32.65000152588,31.05,55.61,,2.45,4.45,6.05162239889,55.00637932385
1982-07,32.91666717529,33.70000076294,31.70000076294,33.35,55.61,,2.47,4.45,6.05162239889,55.24924678332
1982-08,32.41666641235,32.84999847412,31.20000076294,33.2,55.61,,2.53,4.45,6.05162239889,55.97784916174
1982-09,33.46666641235,34.25,33.04999923706,33.1,55.61,,2.56,4.45,6.05162239889,56.34215035095
1982-10,33.78333384196,35.0,33.40000152588,32.95,55.61,,2.6,4.45,6.05162239889,56.8278852699
1982-11,32.84999974569,33.79999923706,31.75,33.0,55.61,,2.62,4.45,6.05162239889,57.07075272937
1982-12,31.46666679382,31.75,30.10000038147,32.55,45.5,,2.62,4.45,6.05162239889,57.07075272937
1983-01,30.65333302816,30.85000038147,30.04999923706,31.05999946594,43.0,,2.66,4.05,5.54581574773,55.3122176761
1983-02,29.1133333842,29.10000038147,29.0,29.23999977112,43.0,,2.66,4.05,5.54581574773,55.3122176761
1983-03,28.32000033061,28.20000076294,28.10000038147,28.65999984741,43.0,,2.58,4.05,5.54581574773,54.34074783821
1983-04,29.6933333079,29.75,28.70000076294,30.62999916077,43.0,,2.53,4.05,5.54581574773,53.73357918952
1983-05,29.35999997457,29.60000038147,28.5,29.97999954224,43.0,,2.53,4.05,5.54581574773,53.73357918952
1983-06,29.96666717529,30.20000076294,28.75,30.95000076294,43.0,,2.59,4.05,5.54581574773,54.46218156794
1983-07,30.46666653951,30.79999923706,29.0,31.60000038147,34.75,,2.52,4.05,5.54581574773,53.61214545978
1983-08,30.65333302816,31.10000038147,28.89999961853,31.95999908447,34.75,,2.58,4.05,5.54581574773,54.34074783821
1983-09,30.07000033061,30.35000038147,28.60000038147,31.26000022888,34.75,,2.67,4.05,5.54581574773,55.43365140584
1983-10,29.61666679382,29.85000038147,28.60000038147,30.39999961853,34.75,,2.58,4.05,5.54581574773,54.34074783821
1983-11,29.16666666667,29.20000076294,28.29999923706,30.0,32.0,,2.6,4.05,5.54581574773,54.58361529768
1983-12,28.81333351135,28.95000076294,28.25,29.23999977112,29.25,,2.61,4.05,5.54581574773,54.70504902742
1984-01,29.04333305359,29.55999946594,27.72999954224,29.84000015259,29.25,29.34,2.67,3.76,5.23768078193,53.84623979487
1984-02,29.203332901,29.87999916077,27.64999961853,30.07999992371,29.25,29.34,2.71,3.76,5.23768078193,54.33197471382
1984-03,29.53333346049,30.07999992371,27.79000091553,30.72999954224,29.25,29.34,2.67,3.76,5.23768078193,53.84623979487
1984-04,29.57333246867,30.12999916077,27.95999908447,30.62999916077,29.25,29.34,2.64,3.76,5.23768078193,53.48193860566
1984-05,29.46000035604,29.89999961853,28.03000068665,30.45000076294,29.25,29.34,2.67,3.76,5.23768078193,53.84623979487
1984-06,29.05000050863,29.20000076294,27.90999984741,30.04000091553,31.75,34.31,2.7,3.76,5.23768078193,54.21054098408
1984-07,27.98666699727,27.90999984741,27.26000022888,28.79000091553,31.75,35.8,2.68,3.76,5.23768078193,53.96767352461
1984-08,28.17000007629,28.11000061035,27.22999954224,29.17000007629,31.75,35.8,2.69,3.76,5.23768078193,54.08910725435
1984-09,28.35333315531,28.36000061035,27.39999961853,29.29999923706,31.75,35.8,2.62,3.76,5.23768078193,53.23907114619
1984-10,27.85333315531,27.80999946594,27.11000061035,28.63999938965,31.75,35.8,2.63,3.76,5.23768078193,53.36050487593
1984-11,27.65000025431,27.70000076294,27.09000015259,28.15999984741,32.75,35.305,2.61,3.76,5.23768078193,53.11763741645
1984-12,26.81333351135,26.97999954224,26.76000022888,26.70000076294,33.75,34.935,2.57,3.76,5.23768078193,52.63190249751
1985-01,26.63333333333,26.95,27.3,25.65,33.75,35.06,2.64,3.65,5.23,52.95379795844
1985-02,27.6,28.2,27.25,27.35,33.75,35.06,2.71,3.65,5.23,53.8038340666
1985-03,27.85,28.1,27.15,28.3,33.75,35.06,2.62,3.65,5.23,52.71093049897
1985-04,27.8,27.9,26.65,28.85,33.75,35.06,2.64,3.65,5.23,52.95379795844
1985-05,26.65,26.65,25.65,27.65,33.75,35.06,2.53,3.65,5.23,51.61802693134
1985-06,26.36666666667,26.45,25.45,27.2,33.75,35.06,2.58,3.65,5.23,52.22519558002
1985-07,26.38333333333,26.6,25.7,26.85,33.75,35.06,2.51,3.65,5.23,51.37515947187
1985-08,27.01666666667,27.15,26.3,27.6,33.75,35.06,2.47,3.65,5.23,50.88942455292
1985-09,26.98333333333,27.15,26.15,27.65,33.75,35.06,2.42,3.65,5.23,50.28225590424
1985-10,27.81666666667,27.9,26.7,28.85,33.75,34.49,2.37,3.65,5.23,49.67508725555
1985-11,28.6,29.05,26.9,29.85,33.75,34.49,2.36,3.65,5.23,49.55365352582
1985-12,26.5,25.85,26.3,27.35,33.75,34.49,2.28,3.65,5.23,48.58218368792
1986-01,24.68333333333,25.75,25.4,22.9,33.75,33.83,2.28,3.65,4.1,47.81661536732
1986-02,15.91666666667,17.55,14.8,15.4,33.75,33.83,2.26,3.65,4.1,47.57374790785
1986-03,12.65,13.85,11.45,12.65,30.75,31.64,2.16,3.65,4.1,46.35941061048
1986-04,11.9,12.5,10.3,12.9,30.75,31.64,2.1,3.65,4.1,45.63080823206
1986-05,13.71666666667,14.2,11.5,15.45,30.75,29.46,1.96,3.65,4.1,43.93073601575
1986-06,11.85,11.85,10.2,13.5,30.75,29.46,1.85,3.65,4.1,42.59496498864
1986-07,9.61666666667,9.45,7.85,11.55,30.75,29.46,1.8,3.65,4.1,41.98779633996
1986-08,13.7,13.65,12.15,15.3,30.75,29.46,1.77,3.65,4.1,41.62349515075
1986-09,14.08333333333,14.2,13.1,14.95,30.75,29.46,1.78,3.65,4.1,41.74492888048
1986-10,13.95,13.8,13.15,14.9,30.75,29.46,1.73,3.65,4.1,41.1377602318
1986-11,14.45,14.55,13.55,15.25,30.75,29.46,1.77,3.65,4.1,41.62349515075
1986-12,15.68333333333,15.9,14.9,16.25,29.25,27.28,1.76,3.65,4.1,41.50206142101
1987-01,18.06666666667,18.4,17.2,18.6,29.25,27.28,1.74,2.59,3.35,35.71186266171
1987-02,17.25,17.3,16.7,17.75,29.25,27.28,1.73,2.59,3.35,35.59042893197
1987-03,17.75,17.9,16.9,18.45,29.25,27.28,1.73,2.59,3.35,35.59042893197
1987-04,17.9,18.1,16.95,18.65,24.75,26.18,1.69,2.59,3.35,35.10469401302
1987-05,18.4,18.75,17.05,19.4,24.75,26.18,1.65,2.59,3.35,34.61895909407
1987-06,18.71666666667,18.85,17.25,20.05,24.75,26.18,1.65,2.59,3.35,34.61895909407
1987-07,19.61666666667,19.8,17.75,21.3,27.0,26.18,1.66,2.59,3.35,34.74039282381
1987-08,18.81666666667,18.95,17.3,20.2,27.0,26.18,1.63,2.59,3.35,34.3760916346
1987-09,18.28333333333,18.35,17.0,19.5,27.0,26.18,1.56,2.59,3.35,33.52605552644
1987-10,18.56666666667,18.8,17.05,19.85,27.0,26.18,1.57,2.59,3.35,33.64748925618
1987-11,17.75,17.8,16.6,18.85,29.0,26.34,1.64,2.59,3.35,34.49752536434
1987-12,16.63333333333,17.1,15.5,17.3,31.0,26.5,1.7,2.59,3.35,35.22612774276
1988-01,16.46666666667,16.85,15.4,17.15,31.0,26.5,1.96,2.36,3.34,37.2832161254
1988-02,15.85,15.75,15.05,16.75,31.0,26.0,1.84,2.36,3.34,35.82601136856
1988-03,14.78333333333,14.75,13.4,16.2,33.0,26.5,1.7,2.36,3.34,34.12593915224
1988-04,16.46666666667,16.6,14.95,17.85,33.0,27.0,1.59,2.36,3.34,32.79016812514
1988-05,16.21666666667,16.4,14.85,17.4,33.0,27.5,1.52,2.36,3.34,31.94013201698
1988-06,15.33333333333,15.55,13.8,16.65,36.0,27.5,1.53,2.36,3.34,32.06156574672
1988-07,14.48333333333,14.9,13.05,15.5,36.0,27.5,1.56,2.36,3.34,32.42586693593
1988-08,14.55,14.95,13.15,15.55,36.0,28.5,1.62,2.36,3.34,33.15446931435
1988-09,13.1,13.3,11.55,14.45,37.0,29.25,1.53,2.36,3.34,32.06156574672
1988-10,12.18333333333,12.45,10.3,13.8,37.0,30.0,1.68,2.36,3.34,33.88307169277
1988-11,12.53333333333,13.0,10.6,14.0,37.5,30.0,1.76,2.36,3.34,34.85454153066
1988-12,14.65,15.15,12.5,16.3,38.0,31.0,1.89,2.36,3.34,36.43318001724
1989-01,16.48333333333,17.0,14.45,18.0,38.0,31.0,1.78,2.09,3.28,33.77318679958
1989-02,16.35,16.65,14.6,17.8,38.0,31.0,1.71,2.09,3.28,32.92315069142
1989-03,18.03333333333,18.7,15.95,19.45,38.0,31.0,1.49,2.09,3.28,30.25160863722
1989-04,19.2,19.75,16.9,20.95,38.0,31.0,1.53,2.09,3.28,30.73734355616
1989-05,18.01666666667,18.35,15.65,20.05,38.0,31.0,1.66,2.09,3.28,32.31598204274
1989-06,17.63333333333,17.5,15.4,20.0,38.0,31.0,1.7,2.09,3.28,32.80171696169
1989-07,17.66666666667,17.75,15.5,19.75,38.0,31.0,1.64,2.09,3.28,32.07311458327
1989-08,16.88333333333,17.1,15.0,18.55,38.0,31.0,1.58,2.09,3.28,31.34451220485
1989-09,17.66666666667,17.8,15.6,19.6,38.0,31.0,1.53,2.09,3.28,30.73734355616
1989-10,18.41666666667,19.0,16.15,20.1,38.0,31.0,1.6,2.09,3.28,31.58737966432
1989-11,18.36666666667,19.15,16.15,19.8,38.0,31.0,1.9,2.09,3.28,35.23039155642
1989-12,19.35,19.85,17.1,21.1,38.0,31.0,2.24,2.09,3.28,39.35913836747
1990-01,20.35,20.95,17.45,22.65,38.0,31.0,2.39,2.82,3.64,44.89494203004
1990-02,19.6,19.9,16.8,22.1,38.0,31.0,1.9,2.82,3.64,38.94468927294
1990-03,18.21666666667,18.45,15.8,20.4,38.0,31.0,1.55,2.82,3.64,34.69450873215
1990-04,16.55,16.75,14.3,18.6,38.0,31.0,1.49,2.82,3.64,33.96590635373
1990-05,16.58333333333,16.7,14.6,18.45,40.5,32.5,1.47,2.82,3.64,33.72303889426
1990-06,15.26666666667,15.7,13.25,16.85,40.5,34.0,1.47,2.82,3.64,33.72303889426
1990-07,17.16666666667,17.55,15.3,18.65,40.5,34.0,1.41,2.82,3.64,32.99443651584
1990-08,26.4,27.05,25.0,27.15,40.5,34.0,1.36,2.82,3.64,32.38726786716
1990-09,32.7,34.1,30.3,33.7,40.5,34.0,1.44,2.82,3.64,33.35873770505
1990-10,34.5,36.05,31.55,35.9,40.5,34.0,1.69,2.82,3.64,36.39458094847
1990-11,31.08333333333,33.0,27.95,32.3,40.5,34.0,2.1,2.82,3.64,41.37336386767
1990-12,26.13333333333,28.0,23.25,27.15,40.5,34.0,2.11,2.82,3.64,41.49479759741
1991-01,22.58333333333,23.65,19.4,24.7,40.5,34.0,1.67,3.44,3.99,39.33629930175
1991-02,18.13333333333,19.4,14.45,20.55,40.5,34.0,1.36,3.41,3.99,35.42923450823
1991-03,18.06666666667,19.45,14.85,19.9,39.5,31.0,1.34,3.33,3.99,34.80604925758
1991-04,18.46666666667,19.25,15.35,20.8,39.5,31.0,1.33,3.47,3.99,35.3501716624
1991-05,18.81666666667,19.3,15.9,21.25,39.5,31.0,1.31,3.37,3.99,34.63190696396
1991-06,17.93333333333,18.2,15.4,20.2,39.5,31.0,1.2,3.29,3.99,32.91581814568
1991-07,19.05,19.45,16.25,21.45,39.5,31.0,1.19,3.0,3.99,31.41573242293
1991-08,19.36666666667,19.75,16.65,21.7,39.5,31.0,1.31,2.98,3.99,32.77785773198
1991-09,20.05,20.5,17.8,21.85,39.5,31.0,1.63,2.97,3.99,36.61619735966
1991-10,21.46666666667,22.2,18.95,23.25,39.5,31.0,1.77,2.71,3.99,37.08023675466
1991-11,20.76666666667,21.25,18.45,22.6,39.5,31.0,1.81,2.7,3.99,37.51843194971
1991-12,17.75,18.4,15.3,19.55,39.5,31.0,1.92,2.7,3.99,38.85420297681
1992-01,17.38333333333,18.15,15.2,18.8,39.5,31.0,1.28,2.57,3.595243,30.1969823289
1992-02,17.61666666667,18.1,15.75,19.0,39.5,31.0,1.21,2.5,3.50897,28.95571870592
1992-03,17.45,17.6,15.8,18.95,39.5,31.0,1.28,2.58,3.592249,30.24249363549
1992-04,18.63333333333,18.95,16.7,20.25,39.5,31.0,1.47,2.47,3.529824,31.98450496912
1992-05,19.5,19.9,17.6,21.0,39.5,31.0,1.59,2.49,3.471553,33.49731091569
1992-06,20.83333333333,21.15,19.0,22.35,39.5,29.0,1.56,2.5,3.488016,33.19170303556
1992-07,20.16666666667,20.25,18.5,21.75,39.5,27.0,1.75,2.55,3.60554,35.81626433537
1992-08,19.61666666667,19.75,17.8,21.3,39.5,27.0,1.97,2.56,3.649728,38.56528322228
1992-09,20.15,20.25,18.3,21.9,39.5,27.0,2.33,2.57,3.633951,42.97374839245
1992-10,20.08333333333,20.3,18.25,21.7,37.25,27.0,2.42,2.63,3.704153,44.3994517435
1992-11,18.88333333333,19.2,17.1,20.35,35.0,27.0,2.24,2.64,3.652703,42.22632726126
1992-12,17.93333333333,18.15,16.25,19.4,35.0,27.0,2.16,2.64,3.709421,41.2932835331
1993-01,17.21666666667,17.4,15.2,19.05,35.0,27.0,1.88,2.76,3.642194,38.41806989211
1993-02,18.16666666667,18.45,16.0,20.05,31.0,27.0,1.69,2.74,3.611498,35.99495322077
1993-03,18.46666666667,18.75,16.3,20.35,31.0,27.0,2.18,2.75,3.589991,41.97817483639
1993-04,18.43333333333,18.65,16.35,20.3,31.0,27.0,2.35,2.68,3.624532,43.73317149797
1993-05,18.16666666667,18.5,16.0,20.0,31.0,27.0,2.17,2.68,3.566033,41.50773163599
1993-06,17.46666666667,17.65,15.6,19.15,31.0,27.0,1.97,2.68,3.535079,39.05808588922
1993-07,16.31666666667,16.8,14.25,17.9,31.0,27.0,2.06,2.66,3.539228,40.05872093204
1993-08,16.48333333333,16.7,14.75,18.0,31.0,27.0,2.26,2.65,3.493022,42.408551511
1993-09,15.9,16.0,14.2,17.5,31.0,27.0,2.27,2.62,3.480854,42.37912232097
1993-10,16.51666666667,16.6,14.8,18.15,31.0,27.0,2.02,2.62,3.391259,39.28257899464
1993-11,15.2,15.15,13.7,16.75,31.0,27.0,2.26,2.62,3.355495,42.17275860972
1993-12,13.76666666667,13.6,12.15,15.55,31.0,26.5,2.34,2.6,3.25,42.9776767609
1994-01,14.13333333333,14.25,13.15,15.0,31.0,27.0,2.34,2.47,3.12,42.27158611867
1994-02,13.78333333333,13.8,12.8,14.75,31.0,27.0,2.71,2.36,3.19,46.2891217423
1994-03,13.61666666667,13.95,12.25,14.65,29.5,27.0,2.21,2.36,3.15,40.1903354919
1994-04,15.08333333333,15.15,13.8,16.3,29.5,27.0,2.04,2.36,3.07,38.07176255925
1994-05,16.28333333333,16.2,14.8,17.85,31.4,27.0,1.92,2.36,3.06,36.60778286152
1994-06,17.16666666667,16.75,15.7,19.05,33.6,28.5,1.9,2.36,3.1,36.39201516561
1994-07,17.88333333333,17.6,16.4,19.65,33.1,28.5,1.96,2.42,3.14,37.43295565097
1994-08,17.0,16.8,15.85,18.35,33.1,28.5,1.66,2.46,3.24,34.04785206336
1994-09,16.2,15.9,15.25,17.45,33.1,29.0,1.49,2.48,3.28,32.10565786919
1994-10,16.46666666667,16.4,15.35,17.65,33.1,30.75,1.51,2.56,3.26,32.71529323806
1994-11,17.08333333333,17.2,15.95,18.1,33.1,30.5,1.58,2.57,3.26,33.61286907011
1994-12,15.94,15.96,14.7,17.16,36.1,32.0,1.72,2.56,3.29,35.2857263852
1995-01,16.9,16.63,16.08,17.99,37.1,34.0,1.51,2.66,3.36,33.25843988593
1995-02,17.41666666667,17.08,16.64,18.53,37.6,34.5,1.58,2.66,3.4,34.13557575765
1995-03,17.34666666667,17.01,16.49,18.54,38.35,34.75,1.54,2.65,3.46,33.64295076015
1995-04,18.64666666667,18.67,17.4,19.87,37.1,35.0,1.62,2.71,3.45,34.89288400053
1995-05,18.42333333333,18.38,17.25,19.64,38.77,35.0,1.64,2.71,3.53,35.18995098713
1995-06,17.36333333333,17.35,16.24,18.5,40.77,34.89,1.62,2.73,3.56,35.06248779812
1995-07,16.08333333333,15.86,14.97,17.42,41.05,36.15,1.44,2.8,3.48,33.15525920301
1995-08,16.46666666667,16.07,15.37,17.96,40.88,35.7,1.56,2.8,3.46,34.59891407807
1995-09,16.82,16.78,15.65,18.03,40.93,35.93,1.64,2.78,3.46,35.47530446817
1995-10,16.12333333333,16.12,14.92,17.33,40.97,35.75,1.77,2.75,3.45,36.90454884217
1995-11,16.74333333333,16.88,15.56,17.79,39.59,36.07,2.04,2.75,3.41,40.1561597815
1995-12,17.86666666667,17.96,16.81,18.83,39.35,35.01,2.71,2.73,3.37,48.1700404625
1996-01,17.8,17.94,16.57,18.89,39.37,34.75,2.93,2.75,3.43,50.97731160984
1996-02,17.69666666667,17.97,16.05,19.07,39.28,34.25,4.4,2.77,3.48,68.95702403339
1996-03,19.4,19.99,17.05,21.16,39.01,32.92,2.95,2.67,3.47,50.8669610417
1996-04,20.66,21.01,17.77,23.2,39.33,33.67,2.23,3.1,3.56,44.22891509624
1996-05,19.06333333333,19.12,16.99,21.08,38.2,33.28,2.24,2.81,3.6,42.99879659653
1996-06,18.51333333333,18.27,17.0,20.27,38.2,32.4,2.49,2.81,3.6,46.03463983995
1996-07,19.58666666667,19.61,17.79,21.36,38.4,32.1,2.48,2.78,3.61,45.77736187941
1996-08,20.44,20.58,18.77,21.97,38.35,32.03,2.03,2.79,3.68,40.40780835139
1996-09,22.25666666667,22.59,20.26,23.92,38.1,33.38,1.84,2.79,3.68,38.10056748639
1996-10,23.61,24.18,21.71,24.94,37.6,34.25,2.37,2.94,3.79,45.32417537068
1996-11,22.39,22.64,20.87,23.66,35.7,34.14,3.03,2.96,4.03,53.59647956246
1996-12,23.62333333333,23.9,21.65,25.32,35.35,35.04,3.82,2.96,4.08,63.22361891611
1997-01,23.22666666667,23.47,21.28,24.93,35.23,34.57,3.31,2.89,4.13,56.73159533672
1997-02,20.42,20.83,18.6,21.83,34.6,33.8,2.22,2.89,4.22,43.55629326343
1997-03,19.33,19.21,18.09,20.69,34.5,33.4,1.89,2.83,4.25,39.2840666614
1997-04,17.88,17.47,16.77,19.4,35.4,32.99,2.031,2.77,4.07,40.58909497129
1997-05,19.36743333333,19.1425,18.455,20.5048,35.73,32.53,2.24,2.74,4.03,42.95734098753
1997-06,17.92,17.55,17.34,18.87,34.5,32.28,2.2,2.76,4.03,42.56668551638
1997-07,18.33,18.4,17.29,19.3,35.0,31.27,2.19,2.67,3.89,41.92254509911
1997-08,18.7,18.71,17.77,19.62,36.93,31.03,2.47,2.67,3.69,45.18719071393
1997-09,18.66174603175,18.45,17.95,19.58523809524,37.15,29.88,2.84,2.7,3.69,49.82285788588
1997-10,20.04,19.85,19.06,21.21,37.15,29.0,3.04,2.63,3.62,51.8713298271
1997-11,19.08666666667,19.0,18.38,19.88,33.6,27.69,3.02,2.66,3.68,51.81173118466
1997-12,17.09,17.0,16.18,18.09,31.4,27.75,2.33,2.65,3.6,43.33106458181
1998-01,15.0,15.09,13.4,16.51,31.4,27.5,2.1,2.65,3.54,40.49743915252
1998-02,14.1,14.06,12.43,15.81,33.44,26.76,2.22,2.63,3.43,41.78504011178
1998-03,13.12333333333,13.08,11.53,14.76,31.88,26.74,2.23,2.61,3.44,41.81816933461
1998-04,13.5,13.39,11.79,15.32,31.18,27.35,2.42,2.54,3.19,43.62325861007
1998-05,14.02666666667,14.39,12.79,14.9,30.28,27.63,2.14,2.51,3.0,39.95177112884
1998-06,12.479,12.058,11.673,13.706,30.0,27.33,2.17,2.5,3.0,40.26853259415
1998-07,12.69966666667,12.01,11.977,14.112,30.0,26.55,2.17,2.4,2.84,39.68473630094
1998-08,12.48796666667,11.8805,12.181,13.4024,26.2,26.3,1.85,2.37,2.79,35.62236307322
1998-09,13.80333333333,13.36,13.07,14.98,27.09,26.43,2.01,2.33,2.74,37.34126914897
1998-10,13.26333333333,12.56,12.81,14.42,27.1,26.08,1.89,2.17,2.76,35.13697869156
1998-11,11.88,10.92,11.76,12.96,26.1,26.7,2.103,2.15,2.78,37.64198756894
1998-12,10.41,9.8,10.12,11.31,26.1,26.7,1.74,2.13,2.72,33.09821408636
1999-01,11.44333333333,11.06,10.78,12.49,26.1,26.5,1.86,2.02,2.77,34.06635658479
1999-02,10.75333333333,10.2,10.05,12.01,26.1,26.38,1.77,2.01,2.78,32.93268823415
1999-03,13.16666666667,12.47,12.37,14.66,26.1,25.05,1.79,1.95,2.78,32.89031735025
1999-04,15.86666666667,15.3,14.96,17.34,26.1,25.05,2.15,1.87,2.76,36.86806394781
1999-05,16.06333333333,15.14,15.3,17.75,26.1,25.05,2.25,1.89,2.88,38.25877998366
1999-06,16.39333333333,15.77,15.52,17.89,26.1,25.25,2.3,1.91,2.93,38.99490278459
1999-07,18.98666666667,19.01,17.88,20.07,26.1,23.78,2.31,2.0,2.99,39.58484367474
1999-08,20.27,20.22,19.34,21.25,26.1,23.14,2.79,2.08,3.17,45.9159294293
1999-09,22.7,22.4,21.84,23.86,26.1,22.5,2.54,2.2,3.35,43.57251180867
1999-10,21.95,21.95,21.26,22.64,25.6,22.5,2.72,2.47,3.57,47.19094018873
1999-11,24.16333333333,24.59,23.05,24.85,25.1,23.5,2.36,2.51,3.73,43.11788386804
1999-12,25.1,25.59,23.63,26.08,25.1,22.58,2.36,2.66,3.94,43.97325348519
2000-01,25.31,25.38,23.28,27.27,25.1,22.78,2.42,3.36,4.15,48.17191029508
2000-02,27.22096666667,27.7048,24.6771,29.281,25.1,23.62,2.65,3.46,4.21,51.48093296333
2000-03,27.49,27.47,25.08,29.92,25.1,24.4,2.79,3.51,4.46,53.58807732139
2000-04,23.47,22.54,22.03,25.84,25.1,24.94,3.03,3.68,4.64,57.43261107734
2000-05,27.18666666667,27.34,25.39,28.83,25.6,26.05,3.58,3.55,4.53,63.41892545241
2000-06,29.62076666667,29.6773,27.3241,31.8609,25.6,27.0,4.28,3.6,4.74,72.29925891216
2000-07,28.17666666667,28.53,26.0271,29.9729,25.6,27.0,3.96,3.96,4.86,70.20610891155
2000-08,29.2629,29.43,27.0504,31.3083,25.6,27.0,4.41,4.01,4.84,75.89477548741
2000-09,32.08283333333,32.621,29.7415,33.886,27.15,27.0,5.06,4.03,4.9,83.92369701343
2000-10,31.40016666667,30.9323,30.2223,33.0459,27.15,28.18,5.02,4.31,5.04,84.86392353605
2000-11,32.331,32.52409090909,30.10090909091,34.368,27.15,26.17,5.55,4.39,5.13,91.74120347129
2000-12,25.20466666667,25.1255,22.086,28.4025,30.75,34.7,8.95,4.44,5.05,133.21217067413
2001-01,25.95727272727,25.63636363636,22.68545454545,29.55,32.1,34.95,8.17,4.65,4.88,124.62349996137
2001-02,27.23883333333,27.406,24.742,29.5685,32.1,34.35,5.63,4.59,4.8,93.43989473774
2001-03,25.02257575758,24.39545454545,23.43363636364,27.23863636364,32.6,35.5,5.16,4.57,4.87,87.68485457855
2001-04,25.718,25.641,24.0925,27.4205,33.5,35.53,5.17,4.48,4.73,87.28358162075
2001-05,27.54682539683,28.45047619048,25.58,28.61,33.8,34.75,4.21,4.36,4.66,75.00804229303
2001-06,26.96603174603,27.72428571429,25.61380952381,27.56,33.9,34.75,3.71,4.33,4.69,68.81406145718
2001-07,24.80367965368,24.53818181818,23.43,26.44285714286,34.0,34.35,3.1,3.75,4.66,58.62897513455
2001-08,25.82115942029,25.69782608696,24.32043478261,27.4452173913,33.8,34.15,2.95,3.79,4.54,56.91632879341
2001-09,25.20766666667,25.544,23.964,26.115,32.8,33.06,2.15,3.79,4.54,47.20163041447
2001-10,20.73188405797,20.47826086957,19.54173913043,22.17565217391,32.4,33.03,2.45,3.52,4.59,49.59494446581
2001-11,18.68818181818,18.94227272727,17.53227272727,19.59,29.4,31.5,2.36,3.46,4.38,48.0745287961
2001-12,18.51978947368,18.60473684211,17.642,19.31263157895,27.35,30.45,2.41,3.4,4.27,48.32193475161
2002-01,19.15481240981,19.485,18.29181818182,19.68761904762,27.35,29.7,2.25,3.06,4.21,44.72199481799
2002-02,19.97523684211,20.2915,18.91105263158,20.72315789474,28.1,28.95,2.31,3.03,4.12,45.24700355671
2002-03,23.64066666667,23.6905,22.8545,24.377,27.8,28.35,3.03,2.97,3.99,53.6169195228
2002-04,25.43424242424,25.65409090909,24.40545454545,26.24318181818,27.0875,26.83,3.42,2.81,3.96,57.57187457751
2002-05,25.67234519104,25.38727272727,24.5852173913,27.04454545455,26.875,25.75,3.49,2.83,4.01,58.55086483791
2002-06,24.48805750487,24.12789473684,23.82777777778,25.5085,24.9,24.38,3.22,2.9,4.06,55.63880690675
2002-07,25.75474810214,25.76782608696,24.57260869565,26.92380952381,23.15,22.73,2.98,2.95,4.56,53.30084305707
2002-08,26.7758008658,26.63285714286,25.32409090909,28.37045454545,22.25,21.25,3.09,3.01,4.35,54.77957866886
2002-09,28.28079365079,28.34238095238,26.83,29.67,22.7,23.08,3.57,3.08,4.46,61.01570011329
2002-10,27.5268115942,27.54869565217,26.18086956522,28.85086956522,24.5,27.35,4.12,3.28,4.54,68.69954925387
2002-11,24.54248120301,24.18476190476,23.15952380952,26.28315789474,24.5,26.98,4.04,3.34,4.56,68.02686764113
2002-12,27.88698412698,28.52095238095,25.70428571429,29.43571428571,24.5,26.94,4.74,3.36,4.56,76.6223081705
2003-01,30.75031746032,31.24666666667,28.05476190476,32.94952380952,24.9,27.4625,5.405869,3.61,4.69,85.9847711181
2003-02,32.88337719298,32.6485,30.199,35.80263157895,25.15,27.0,7.773684,3.67,4.8,115.09779448892
2003-03,30.35920634921,30.33904761905,27.42285714286,33.31571428571,24.4,25.75,5.946857,3.74,4.78,93.23318105505
2003-04,25.55596825397,25.016,23.43047619048,28.22142857143,23.45,23.825,5.289318,4.03,4.78,86.62709172632
2003-05,26.06491269841,25.8095,24.25285714286,28.13238095238,23.3,23.65,5.838044,4.04,4.74,93.31091616501
2003-06,27.91714285714,27.54571428571,25.49571428571,30.71,24.1,26.75,5.771905,4.05,4.77,92.57563016647
2003-07,28.59158761528,28.39826086957,26.62695652174,30.74954545455,24.35,29.5,5.005,4.04,4.75,83.20172711042
2003-08,29.67555555556,29.82571428571,27.61714285714,31.58380952381,25.325,30.1875,4.970714,3.98,4.67,82.44594155414
2003-09,26.88233044733,27.09818181818,25.265,28.28380952381,26.7,34.1375,4.612727,3.97,4.7,78.07155699219
2003-10,29.01449275362,29.59043478261,27.13130434783,30.32173913043,27.5,36.6875,4.635652,3.88,4.62,77.86788677542
2003-11,29.12274074074,28.772,27.504,31.09222222222,29.9125,39.1875,4.5275,3.9,4.72,76.71738555826
2003-12,29.96920634921,29.92666666667,27.85761904762,32.12333333333,34.0,38.6875,6.126522,3.97,4.75,96.48800898732
2004-01,31.36771929825,31.17523809524,28.68476190476,34.24315789474,37.75,41.25,6.09477272727,3.87,4.75,95.62706848798
2004-02,31.33133333333,30.866,28.398,34.73,41.75,42.25,5.3795,3.89,4.81,87.07697407595
2004-03,33.66507246377,33.79913043478,30.4647826087,36.73130434783,48.9375,42.5,5.39686956522,3.86,4.88,87.19270459931
2004-04,33.71139249639,33.36227272727,31.06666666667,36.70523809524,53.25,47.25,5.71652173913,3.92,4.91,91.37992333504
2004-05,37.55789891395,37.91631578947,34.47238095238,40.285,56.4375,52.5625,6.33595238095,3.95,4.91,99.04451982169
2004-06,35.54274170274,35.19136363636,33.40590909091,38.03095238095,59.55,62.55,6.27159090909,4.01,5.04,98.6362670387
2004-07,37.891998557,38.37045454545,34.48363636364,40.8219047619,61.375,68.5,5.92863636364,4.28,5.07,95.77553944811
2004-08,42.08406926407,43.03,38.29857142857,44.92363636364,59.25,63.625,5.39568181818,4.34,5.16,89.64988643604
2004-09,41.59682539683,43.38136363636,35.47863636364,45.93047619048,55.375,61.0,5.13886363636,4.41,5.43,87.04694893911
2004-10,46.88111111111,49.8180952381,37.57904761905,53.24619047619,56.625,59.6875,6.41166666667,4.83,5.55,104.58103855245
2004-11,42.12554545455,43.05363636364,34.8765,48.4465,52.825,60.75,6.08704545455,4.96,5.45,101.18930910025
2004-12,39.04494444444,39.64428571429,34.2615,43.22904761905,52.25,54.2875,6.58130434783,5.01,5.57,107.51027709708
2005-01,42.97227777778,44.28333333333,37.8135,46.82,53.045,51.4175,6.15452380952,5.46,5.42,104.36538530458
2005-02,44.81821052632,45.557,40.935,47.96263157895,49.8975,46.625,6.14475,5.49,5.58,104.49771651609
2005-03,50.94287878788,53.08409090909,45.57636363636,54.16818181818,50.925,45.3,6.96804347826,5.52,5.59,114.64467040198
2005-04,50.64047619048,51.85714285714,47.10142857143,52.96285714286,51.25,46.25,7.15261904762,5.86,5.67,118.55659052214
2005-05,47.82657287157,48.66590909091,45.0,49.81380952381,51.3125,45.875,6.46931818182,5.89,5.74,110.44905701341
2005-06,53.8903030303,54.30681818182,50.975,56.38909090909,51.0,49.125,7.18613636364,5.91,5.68,119.20807735199
2005-07,56.36580952381,57.57904761905,52.85238095238,58.666,50.9,51.3125,7.62619047619,6.42,6.03,127.21346741923
2005-08,61.89052042161,64.09,56.62590909091,64.95565217391,49.125,49.5,9.6297826087,6.56,6.2,152.32456410104
2005-09,61.6876984127,62.98181818182,56.54318181818,65.5380952381,45.25,46.625,12.87568181818,6.58,6.39,191.96453216148
2005-10,58.18507936508,58.5219047619,53.66952380952,62.36380952381,42.45833333333,43.25,13.52261904762,7.28,6.48,203.20928736988
2005-11,55.04282539683,55.535,51.31047619048,58.283,38.0625,38.08333333333,10.43090909091,7.46,6.61,166.60928950086
2005-12,56.42964285714,56.7475,53.12714285714,59.41428571429,38.225,41.0,12.8275,7.49,6.49,195.77330665627
2006-01,62.45703968254,63.57428571429,58.31333333333,65.4835,43.1875,44.6625,8.66090909091,7.96,6.53,147.43830600518
2006-02,59.70492105263,59.923,57.5765,61.61526315789,47.7,49.4,7.48785714286,7.95,7.04,133.491480944
2006-03,60.92927536232,62.25304347826,57.6452173913,62.88956521739,49.75,54.5,6.89891304348,7.99,6.88,126.42147292594
2006-04,67.97057504873,70.44210526316,64.05684210526,69.41277777778,52.875,54.875,7.094,8.24,6.93,130.01285440316
2006-05,68.6759486166,70.18727272727,64.90739130435,70.93318181818,52.6,50.4,6.19804347826,8.28,6.92,119.31630414618
2006-06,68.29015151515,68.85772727273,65.08090909091,70.93181818182,52.375,52.375,6.19318181818,8.29,7.1,119.42675585449
2006-07,72.4501336675,73.89714285714,69.04904761905,74.40421052632,52.75,51.68,6.25,8.58,6.86,121.33277363964
2006-08,71.81188405797,73.61217391304,68.78173913043,73.04173913043,50.9375,53.5875,6.995,8.71,7.23,131.24827572862
2006-09,62.12125396825,62.7719047619,59.77285714286,63.819,47.1,48.75,4.86238095238,8.77,7.65,105.9208730834
2006-10,57.91046897547,58.38,56.50095238095,58.85045454545,44.05,49.2125,5.9625,8.97,7.2,119.92595113195
2006-11,58.14304545455,58.48318181818,56.81545454545,59.1305,46.0,48.2,7.45363636364,8.99,7.21,138.13523053888
2006-12,60.9944122807,62.31473684211,58.6695,61.999,49.75,50.6875,6.5780952381,8.92,7.35,127.26527920283
2007-01,53.51696969697,54.29909090909,52.01181818182,54.24,51.2875,50.1375,6.58434782609,8.59,7.11,125.6097972409
2007-02,57.5625,57.757,55.6805,59.25,52.9,51.6375,7.9725,8.56,6.89,142.17497896166
2007-03,60.59984848485,62.14363636364,59.05409090909,60.60181818182,55.38,53.475,7.12318181818,8.37,6.86,130.93781192981
2007-04,65.05764035088,67.39842105263,63.838,63.9365,56.12,51.36,7.58738095238,8.0,7.09,134.97160900674
2007-05,65.15725955204,67.47608695652,64.5447826087,63.45090909091,56.0,50.25,7.61347826087,7.98,7.22,135.28151314111
2007-06,68.1880952381,71.31619047619,65.75619047619,67.4919047619,61.6,56.78,7.3041428571400004,8.03,7.11,131.68831222939
2007-07,73.6016955267,77.20409090909,69.45909090909,74.1419047619,67.31,58.06,6.22090909091,8.13,7.26,119.11122194066
2007-08,70.1268115942,70.79652173913,67.20565217391,72.37826086957,69.35,60.18,6.19543478261,8.34,7.7,120.09830951473
2007-09,76.76243859649,77.127,73.254,79.90631578947,68.44,62.81,6.0965,8.54,8.09,120.1119247221
2007-10,81.96724637681,82.85782608696,77.14,85.90391304348,74.81,73.12,6.79804347826,9.16,8.55,131.89013899842
2007-11,91.33826118326,92.52818181818,86.73136363636,94.75523809524,84.6,89.75,7.13772727273,9.47,9.14,137.88849896107
2007-12,89.51994152047,91.45,85.75315789474,91.35666666667,91.0,94.25,7.14976190476,9.49,9.18,138.15681919782
2008-01,90.68993506494,91.92045454545,87.17363636364,92.97571428571,91.75,100.62,8.0,10.7,9.94,154.74877960389
2008-02,93.38759064327,94.81666666667,89.96210526316,95.384,132.0,115.0,8.55,10.84,10.46,162.44548780026
2008-03,101.84283333333,103.2775,96.7785,105.4725,118.25,111.0,9.40142857143,11.04,10.96,174.07424402601
2008-04,108.75818181818,110.18772727273,103.46863636364,112.61818181818,123.0,108.75,10.13227272727,12.19,11.42,188.72787272514
2008-05,122.63260894661,123.93619047619,118.94863636364,125.013,133.2,120.7,11.23045454545,12.38,11.63,203.10903264896
2008-06,131.52111111111,133.04857142857,127.58761904762,133.92714285714,159.75,142.38,12.67619047619,12.63,12.07,222.15173377391
2008-07,132.82518445323,133.87304347826,131.2247826087,133.37772727273,180.0,167.75,11.1487826087,14.37,12.35,212.06546065898
2008-08,114.56682539683,113.84904761905,113.21095238095,116.64047619048,158.4,156.9,8.25,14.64,13.25,178.75777949734
2008-09,99.65676767677,99.06409090909,95.96954545455,103.93666666667,150.0,147.75,7.6945,14.85,14.39,173.78281327379
2008-10,72.69275362319,72.84260869565,68.62086956522,76.6147826087,108.0,109.7,6.7335,15.93,15.01,167.66736836214
2008-11,53.97272807018,53.241,51.3835,57.29368421053,92.25,89.38,6.6745,15.81,15.06,166.41430737438
2008-12,41.33892496393,41.58090909091,40.99681818182,41.43904761905,78.65,77.25,5.7948,15.5,13.78,153.39085829469
2009-01,43.85521428571,44.86,44.96714285714,41.7385,79.4,76.4,5.2414,13.89,12.71,138.29190146841
2009-02,41.8436754386,43.2425,43.138,39.15052631579,75.38,69.06,4.519,11.04,10.52,114.48699546667
2009-03,46.6453030303,46.83909090909,45.57590909091,47.52090909091,61.0,58.56,3.9502,10.9,9.48,106.2096949321
2009-04,50.2780952381,50.84523809524,50.18,49.80904761905,63.56,62.88,3.4998,8.51,8.12,88.45693377235
2009-05,58.15388888889,57.94095238095,57.39571428571,59.125,64.5,58.03,3.81,8.09,7.5,89.80709332991
2009-06,69.1496969697,68.61681818182,69.21090909091,69.62136363636,71.38,60.2,3.8043,7.95,7.18,88.85552186092
2009-07,64.66667325428,64.91,64.96956521739,64.12045454545,73.8,61.1,3.3902,6.67,7.55,77.99253926667
2009-08,71.62968253968,72.50476190476,71.32428571429,71.06,72.5,64.25,3.1479,6.92,7.76,76.38096685127
2009-09,68.34611111111,67.68681818182,67.90818181818,69.44333333333,67.64,61.13,2.9616,7.13,8.42,75.56413676687
2009-10,74.08060606061,73.19409090909,73.27545454545,75.77227272727,71.07,64.35,4.0232,7.6,9.1,91.1506045194
2009-11,77.5523015873,77.03666666667,77.62523809524,77.995,78.8,66.44,3.6907,7.81,9.13,88.13159203016
2009-12,74.88181818182,74.66954545455,75.48863636364,74.48727272727,83.1,73.8,5.3652,8.01,9.76,109.8432858286
2010-01,77.1210877193,76.373,76.635,78.35526315789,97.0,86.94,5.8069,8.8,10.02,119.13880032206
2010-02,74.76301559454,74.312,73.56388888889,76.41315789474,94.19,83.36,5.3357,8.8,10.52,113.75559002138
2010-03,79.29768115942,79.2747826087,77.36782608696,81.25043478261,94.375,82.9625,4.2924,8.93,10.42,101.63667599971
2010-04,84.18285714286,84.97857142857,83.09238095238,84.47761904762,100.15,88.7,4.0059,7.52,10.98,91.83389526316
2010-05,75.61831746032,76.25095238095,76.874,73.73,100.13,90.9375,4.156,7.27,11.39,92.74589502559
2010-06,74.725,74.83818181818,73.98318181818,75.35363636364,98.1875,92.8125,4.7948,7.74,10.48,102.1209290833
2010-07,74.5794011544,74.73545454545,72.65227272727,76.35047619048,95.98,90.61,4.6266,8.04,11.32,102.07370050082
2010-08,75.82626984127,76.69318181818,74.18380952381,76.60181818182,89.78,87.9,4.305,8.45,11.3,100.10397055048
2010-09,76.11624098124,77.78681818182,75.27047619048,75.29142857143,94.9,85.82,3.9039,8.28,11.03,94.24216494045
2010-10,81.71936507937,82.9180952381,80.34047619048,81.89952380952,97.45,90.99,3.4315,8.29,11.13,88.62092468049
2010-11,84.53406349206,85.67,83.696,84.23619047619,107.16,103.2,3.72725,8.59,10.84,93.44204566854
2010-12,90.00596179183,91.79652173913,89.07454545455,89.14681818182,118.29,115.24,4.2370952381,8.74,10.75,100.28540794402
2011-01,92.6905952381,96.29428571429,92.369,89.4085,132.48,122.62,4.4934,9.61,11.45,108.0080141041
2011-02,97.9141920078,103.9555,100.25444444444,89.53263157895,128.36,117.74,4.0749,9.36,12.02,102.12369104794
2011-03,108.6452173913,114.44130434783,108.57826086957,102.91608695652,126.13,121.0,3.9713,9.37,12.5,101.2383744945
2011-04,116.24316666667,123.07,115.7,109.9595,122.5,124.03,4.2424,10.36,12.99,109.56884767707
2011-05,108.06851298701,114.45818181818,108.4645,101.28285714286,119.12,120.46,4.30895454545,10.3,13.61,110.51185233744
2011-06,105.84545454546,113.75772727273,107.52454545455,96.25409090909,120.09,119.01,4.549,10.26,14.52,113.85317454804
2011-07,107.91661111111,116.46,109.98333333333,97.3065,120.75,116.27,4.4131,10.99,16.22,116.82502995674
2011-08,100.48642512077,110.08130434783,105.05666666667,86.32130434783,120.13,118.27,4.0539,10.81,16.55,111.83098840383
2011-09,100.81935064935,110.87909090909,106.00181818182,85.57714285714,123.09,115.62,3.9013,10.85,16.27,109.97837023871
2011-10,99.84775396825,109.46857142857,103.6685,86.40619047619,119.39,110.88,3.568,11.42,16.48,108.7830220474
2011-11,105.40501443001,110.50409090909,108.58761904762,97.12333333333,113.78,105.47,3.24245,11.32,16.78,104.55759796356
2011-12,104.23047619048,107.90904761905,106.21857142857,98.56380952381,111.56,104.19,3.16423809524,11.53,16.48,104.40292760818
2012-01,107.07457226399,111.15619047619,109.78052631579,100.287,116.46,106.26,2.6797,11.45,16.71,98.29450664705
2012-02,112.68752380952,119.70238095238,116.14619047619,102.214,117.02,105.3,2.5192,11.12,16.03,94.31598841565
2012-03,117.785,124.92863636364,122.27590909091,106.15045454546,107.46,103.43,2.1661,11.97,16.34,94.27906311747
2012-04,113.6655,120.4635,117.25,103.283,103.59,101.33,1.9467,11.42,16.85,89.34564425813
2012-05,104.0860342556,110.52173913044,107.05454545455,94.68181818182,95.83,93.77,2.4374,11.64,17.12,96.53319470607
2012-06,90.72825396825,95.58904761905,94.23619047619,82.35952380952,87.19,85.31,2.4552,11.49,17.2,96.09045041368
2012-07,96.75411255411,103.14090909091,99.22,87.90142857143,88.24,87.33,2.9455,11.13,18.11,100.9494357434
2012-08,105.27363699103,113.34,108.37047619048,94.11043478261,91.0,89.11,2.8383,11.18,17.74,99.63469196716
2012-09,106.28496491228,113.3825,110.9645,94.50789473684,88.96,85.82,2.8415,11.08,16.83,98.5816339007
2012-10,103.40786561265,111.97347826087,108.73272727273,89.51739130435,81.85,82.8,3.3174,11.58,15.3,105.70108533749
2012-11,101.17441558442,109.71181818182001,107.13333333333,86.6780952381,85.89,85.74,3.538,11.83,15.0,109.3651582862
2012-12,101.19366666667,109.6765,105.689,88.2155,92.88,88.84,3.3395,11.79,15.41,107.04231243184
2013-01,105.10021645022,112.97363636364,107.58272727273,94.74428571429,92.77,86.13,3.328,11.87,15.89,107.60817859655
2013-02,107.63743567252,116.5195,111.09333333333,95.29947368421,94.94,85.13,3.3292,11.77,16.47,107.54029997678
2013-03,102.5225,109.24,105.415,92.9125,90.98,82.77,3.8069,11.87,16.27,113.68108766747
2013-04,98.85196969697,102.87545454546,101.66136363636,92.01909090909,87.76,82.02,4.1669,12.88,16.2,122.80678946534
2013-05,99.36663341489,103.02695652174,100.31476190476,94.75818181818,87.71,81.79,4.0403,12.29,16.22,118.47814461874
2013-06,99.74266666667,103.11,100.3285,95.7895,82.75431946201,77.28942633542,3.8254,11.92,16.61,114.37378667724
2013-07,105.25790513834,107.71608695652,103.36217391304,104.69545454546,77.25921082883,72.64328692981,3.6227,11.6,16.17,110.0929564116
2013-08,108.15763636364,110.96454545455,106.962,106.54636363636,76.96,72.912,3.4251,11.64,15.6,107.49741317685
2013-09,108.75773015873,111.62142857143,108.40476190476,106.247,77.6125,73.0975,3.6154,11.25,14.96,107.52065160478
2013-10,105.42713438735,109.47869565217,106.30227272727,100.50043478261,79.4125,80.6475,3.6739,11.37,15.3,109.03186360077
2013-11,102.62649122807,108.07619047619,105.85380952381,93.94947368421,82.25,83.818,3.6174,11.42,15.4,108.65121105615
2013-12,105.48165079365,110.674,107.91952380952,97.85142857143,84.3375,84.615,4.2366,11.55,16.38,117.45234821935
2014-01,102.09666666667,107.42,104.01,94.86,81.61,82.9,4.7008,11.59,16.67,123.47593413513
2014-02,104.82666666667,108.81,104.94,100.73,76.29,77.6,5.9733,11.3,16.76,137.61069871914
2014-03,104.04,107.4,104.15,100.57,73.34,74.6,4.8783,10.88,16.55,122.1747631506
2014-04,104.86666666667,107.79,104.73,102.08,72.82,75.06,4.6339,10.73,16.79,118.65642551875
2014-05,105.71333333333,109.68,105.6,101.86,73.69,75.78,4.5625,10.2,16.32,114.95136110006
2014-06,108.37333333333,111.87,108.01,105.24,71.48,74.09,4.5692,9.77,16.13,112.85978969451
2014-07,105.22666666667,106.98,105.76,102.94,68.75,71.44,4.0099,9.27,15.20882662987,103.06692548226
2014-08,100.05,101.92,101.85,96.38,68.94,71.19,3.884,9.14,15.74,101.27992523273
2014-09,95.85,97.34,96.99,93.22,65.94,67.86,3.917,9.24,15.16,101.76310720819
2014-10,86.08,87.27,86.57,84.4,63.71,65.74,3.7719,9.77,15.89,103.01527984123
2014-11,76.99333333333,78.44,76.73,75.81,62.55,65.66,4.1003,8.9,15.59,102.66395932005
2014-12,60.70333333333,62.33,60.52,59.26,62.44,66.14,3.4328,9.83,15.62,98.9997770052
2015-01,47.10666666667,48.07,45.98,47.27,61.44,59.29,2.9743,9.25,16.18733797094,91.05910463256
2015-02,54.79,57.93,55.83,50.61,69.05,63.48,2.8478,8.27,14.20383414428,83.52026289137
2015-03,52.82666666667,55.79,54.91,47.78,64.76,59.92,2.8006,8.27,13.04131932439,82.15949876813
2015-04,57.54333333333,59.39,58.8,54.44,56.24,58.95,2.5797,6.77444566675,10.93665948014,70.94130906679
2015-05,62.50666666667,64.56,63.69,59.27,61.19,61.63,2.8383,6.68399731108,9.33690016387,72.56776885162
2015-06,61.30666666667,62.34,61.78,59.8,58.96,60.71,2.7692,6.66672592954,9.18912211656,71.54643535464
2015-07,54.34,55.87,56.25,50.9,59.9,57.9,2.83,6.69403713465,9.49508325845,72.62187601156
2015-08,45.69,46.99,47.22,42.86,59.14,55.02,2.763,6.34573758328,9.81583965796,70.36977413644
2015-09,46.28,47.24,46.15,45.45,57.65,51.38,2.6461,6.27869866034,10.30694394914,68.96423290149
2015-10,46.95666666667,48.12,46.55,46.2,54.26,50.11,2.3152,6.0269578206,10.10742681042,63.61405010089
2015-11,43.11333333333,44.42,42.22,42.7,52.47,53.34,2.0775,5.50083385123,9.51558591385,57.82542281205
2015-12,36.57333333333,37.72,34.77,37.23,52.21,48.77,1.9228,5.09276298262,9.08019629211,53.71191147546
2016-01,29.78,30.8,27.0,31.54,49.02,49.09,2.2744,4.39818627541,8.40230220527,54.22025368757
2016-02,31.03,33.2,29.5,30.39,50.27,50.33,1.9572,3.96837858928,8.56185813228,48.43318010504
2016-03,37.34,39.07,35.18,37.77,52.21,52.57,1.7017,3.9101802431,7.73669809551,44.49483393195
2016-04,40.75,42.25,39.04,40.96,50.69,52.35,1.9047,3.97007508979,6.82497956425,46.62699317728
2016-05,45.93666666667,47.13,43.95,46.73,51.31,54.24,1.922,4.32919186506,6.26889250692,48.16755906969
2016-06,47.68666666667,48.48,45.83,48.75,52.85,58.59,2.5666,4.75572046689,6.40180116949,58.11292731834
2016-07,44.12666666667,45.07,42.62,44.69,61.24,62.39,2.7879,4.67473769135,6.75711864705,60.6559913692
2016-08,44.87666666667,46.14,43.74,44.75,67.39,66.34,2.7913,4.0474899302,7.13867472405,57.97386228615
2016-09,45.04333333333,46.19,43.74,45.2,72.72,68.33,2.9689,4.25361416995,7.53979290081,61.38218946462
2016-10,49.29333333333,49.73,48.26,49.89,94.2,83.79,2.9492,5.33681888345,7.65286664601,66.36909711139
2016-11,45.26,46.44,43.77,45.57,103.43,89.15,2.5009,5.69317950115,7.59258875196,62.57851362767
2016-12,52.62,54.07,51.78,52.01,88.15,80.19,3.5818,5.4235014224,7.59175415229,74.4216778981
2017-01,53.59,54.89,53.37,52.51,83.73,86.49,3.2608,6.1443492548,8.04227686051,74.25577233775
2017-02,54.35333333333,55.49,54.17,53.4,79.98,83.6,2.8233,6.0515836448,8.41498731546,68.75455064325
2017-03,50.90333333333,51.97,51.16,49.58,80.9,79.11,2.8875,5.00094507654,8.24598306107,64.42494905975
2017-04,52.16333333333,52.98,52.45,51.06,83.65,78.89,3.082,5.0109139183,8.76311875469,67.18458307726
2017-05,49.89333333333,50.87,50.31,48.5,74.42,74.41,3.1248,5.05843597847,9.09680852049,68.15631084639
2017-06,46.16666666667,46.89,46.44,45.17,81.09,79.2,2.941,4.88676678563,8.8827097047,64.96319760874
2017-07,47.65666666667,48.69,47.63,46.65,87.49,81.69,2.9614,5.00392083226,8.85848232734,65.75145561549
2017-08,49.94333333333,51.37,50.43,48.03,98.58,87.84,2.8757,5.47660118187,8.91541540716,66.99644970788
2017-09,52.95,55.16,53.86,49.83,97.82,92.26,2.963,5.96114997199,8.64202999794,70.1748807394
2017-10,54.92,57.62,55.58,51.56,97.11,91.43,2.8638,6.17632034854,8.3138988926,69.7708652853
2017-11,59.93333333333,62.57,60.58,56.65,96.64,91.39,2.9913,6.69459903982,8.45066567641,73.87568661553
2017-12,61.18666666667,64.21,61.41,57.94,100.81,95.48,2.7583,7.13893361413,8.6471138153,73.29172746364
2018-01,66.22666666667,68.99,66.02,63.67,106.45,97.48,3.8556,6.66225501314,9.34246387585,84.82162927562
2018-02,63.46,65.42,62.79,62.17,105.95,92.68,2.6708,6.7187497665,9.82569311019,71.03012042398
2018-03,64.16666666667,66.45,63.29,62.76,96.66,89.5,2.6989,6.69738764036,10.11006909105,71.46245729274
2018-04,68.79333333333,71.63,68.43,66.32,93.69,92.32,2.7791,6.92785820242,10.09046974822,73.518728055
2018-05,73.43,76.65,73.66,69.98,105.29,101.89,2.7972,7.48735405732,10.25151696204,76.50745948758
2018-06,71.97666666667,75.19,73.22,67.52,114.33,103.88,2.9523,7.44894284404,10.44298762979,78.33801103404
2018-07,72.66666666667,74.44,72.72,70.84,119.57,106.02,2.8251,7.59883923025,10.44079690313,77.50449306875
2018-08,71.08333333333,73.13,72.13,67.99,117.34,98.48,2.9572,8.08490993844,10.87500000007,81.71356939636
2018-09,75.36333333333,78.86,77.02,70.21,114.16,102.14,2.9847,9.52157703121,11.30331690113,89.16757001402
2018-10,76.72666666667,80.47,78.96,70.75,108.73,100.34,3.284,8.79096072974,11.66058023421,89.57079561678
2018-11,62.31666666667,65.17,65.11,56.67,100.73,91.58,4.1293,8.26507901291,11.70029462162,97.36246789214
2018-12,53.96,56.46,56.47,48.95,101.37,95.41,3.9825,7.97624238009,11.99532079611,94.40657785135
2019-01,56.58333333333,59.27,58.96,51.52,98.56,91.29,3.0795,7.26234323345,12.00729261726,80.05536606207
2019-02,61.13333333333,64.13,64.32,54.95,95.42,84.16,2.7171,6.0057971222,11.80658164833,69.54504168209
2019-03,63.78666666667,66.41,66.8,58.15,93.12,78.81,2.935,5.17873567413,11.2941866074,67.91211075289
2019-04,68.57666666667,71.2,70.66,63.87,86.77,72.49,2.646,4.92218081968,10.26546106987,62.48606579812
2019-05,66.83333333333,70.53,69.13,60.84,82.32,68.93,2.6279,4.34105529405,10.14548849427,59.4223353327
2019-06,59.76,63.3,61.3,54.68,72.49,62.94,2.3965,3.58800651227,10.04237787692,52.96252887614
2019-07,61.47666666667,64.0,62.91,57.52,72.08,65.79,2.36,3.62037140561,10.12781122427,52.73103815976
2019-08,57.67,59.25,58.92,54.84,65.55,60.43,2.2243,3.67677516041,10.86099863824,51.84805447932
2019-09,60.04,62.33,60.84,56.95,65.95,61.37,2.58,4.20525568494,10.14170040633,58.19251376782
2019-10,57.27333333333,59.37,58.47,53.98,69.2,67.44,2.3313,5.05721785787,9.98352408584,59.11549803428
2019-11,60.40333333333,62.74,61.41,57.06,66.99,73.62,2.6505,5.15000421731,10.03950330791,63.47069207042
2019-12,63.35333333333,65.85,64.41,59.8,66.18,76.03,2.2425,4.62047221239,10.05669681144,56.01046386333
2020-01,61.62666666667,63.6,63.76,57.52,69.66,82.09,2.0305,3.63338434727,9.88695006327,48.62847791743
2020-02,53.34666666667,55.0,54.51,50.53,67.64,79.99,1.9158,2.90777364106,9.89443050553,43.7911677298
2020-03,32.20333333333,32.98,33.75,29.88,66.74,67.89,1.7927,2.71886838175,10.21299199713,41.61409165724
2020-04,21.04333333333,23.34,23.27,16.52,58.55,56.58,1.7386,2.12031866732,10.00988126196,37.97404004066
2020-05,30.38,31.02,31.56,28.56,52.49,57.42,1.7525,1.57516497792,10.07552703066,35.5956619577
2020-06,39.45666666667,39.93,40.14,38.3,52.21,56.81,1.6128,1.75217111218,8.97081909187,33.99228192971
2020-07,42.06666666667,42.81,42.64,40.75,51.56,56.6,1.7352,1.80103549647,7.78644550106,34.90852460845
2020-08,43.44333333333,44.26,43.71,42.36,50.14,57.38,2.3017,2.86189667673,6.34356489532,45.85350707672
2020-09,40.59666666667,41.09,41.1,39.6,54.6,57.47,1.9186,3.95213946267,5.88384743113,46.07290912833
2020-10,39.9,40.47,39.7,39.53,58.4,61.04,2.2473,4.88959040816,6.17920516176,54.72115485296
2020-11,42.30333333333,43.23,42.58,41.1,64.4,69.43,2.5881,4.83583900516,6.85550534744,59.06227305483
2020-12,48.72666666667,49.87,49.26,47.05,83.03,85.18,2.5387,5.85610629604,7.66100256305,63.85843256317
2021-01,53.60333333333,54.55,54.16,52.1,86.83,86.85,2.6655,7.2683017493,9.00378752795,73.02147932642
2021-02,60.46333333333,61.96,60.37,59.06,86.74,82.76,5.0651,6.15850716652,9.87942781216,97.47802542593
2021-03,63.83,65.19,63.95,62.35,94.92,90.66,2.5645,6.12706957935,7.89505157195,65.61845037345
2021-04,62.95,64.77,62.37,61.71,92.22,89.13,2.61,7.14681628809,8.2767941961,71.27744991295
2021-05,66.4,68.04,65.98,65.18,107.04,99.31,2.8884,8.90875692439,8.91569451297,83.46723327421
2021-06,71.80333333333,73.07,70.96,71.38,129.97,112.92,3.2318,10.30105100564,9.61601229637,94.73065633263
2021-07,73.28333333333,74.39,73.0,72.46,151.97,122.33,3.8036,12.50994243239,10.35918836698,112.6787432485
2021-08,68.86666666667,70.02,68.85,67.73,169.58,137.92,4.0486,15.42647593843,10.80139654747,129.81858281675
2021-09,72.8,74.6,72.24,71.56,185.69,146.05275137829,5.1111,22.84059607792,11.43899050402,178.39940517492
2021-10,82.06333333333,83.65,81.22,81.32,224.51,199.65,5.478,31.05246636754,12.3769153834,222.52925190517
2021-11,79.91666666667,80.77,79.8,79.18,157.48,128.0,5.0176,27.62343200775,15.25400265088,202.58611793577
2021-12,72.86666666667,74.31,72.76,71.53,169.65,142.5,3.7327,38.02711984318,15.32252691588,236.48836750687
2022-01,83.92,85.53,83.11,83.12,196.95,168.5,4.3325,28.26067331655,14.68575980736,196.91113953145
2022-02,93.54333333333,95.76,93.13,91.74,219.78,196.4,4.6577,27.2297159067,16.9952383196,197.5236794019
2022-03,112.39666666667,115.59,113.11,108.49,314.04,294.42,4.8839,42.39297079612,15.11138495446,271.07990593108
2022-04,103.41333333333,105.78,102.68,101.78,310.85,302.0,6.5306,32.20418722871,16.28752391901,243.43602963927
2022-05,110.09666666667,112.37,108.32,109.6,371.86,280.0,8.1373,29.17072267381,16.67909128791,248.79106483489
2022-06,116.8,120.08,115.73,114.59,374.08,291.3568,7.674,33.55773104275,15.53392071335,263.24491050026
2022-07,105.08333333333,108.92,106.48,99.85,402.2,269.08655771317,7.2561,51.33003047298,18.88075436128,344.9266757404
2022-08,95.97333333333,98.6,97.75,91.57,406.97,274.61946388546,8.7854,70.04363980339,21.21084797666,454.04014274839
2022-09,88.22,90.16,90.63,83.87,430.81,234.98445322437,7.7629,59.10262225038,23.73379073575,391.31952732705
2022-10,90.32666666667,93.13,90.59,87.26,389.79,191.21987979184,5.6195,39.02204993845,21.84177616254,268.54710666569
2022-11,87.37666666667,91.07,86.28,84.78,342.16,169.09656696557,5.2769,35.72328224044,19.58626742263,247.17644268952
2022-12,78.06666666667,80.9,76.78,76.52,379.23,215.0,5.503,36.04426003614,20.57674240294,252.11901984185
2023-01,80.41,83.09,80.03,78.11,317.99,172.0,3.2728,20.18397092135,20.19478822332,149.37872119293
2023-02,80.25333333333,82.71,81.21,76.84,207.48,144.67,2.3836,16.53713727891,18.4153297936,120.03831493101
2023-03,76.47333333333,78.53,77.52,73.37,187.23,136.84,2.3049,13.81207686229,16.03312594777,104.51384047273
2023-04,82.46,84.11,83.83,79.44,194.28,133.7451,2.1611,13.52052961513,14.3660625523,100.25219027939
2023-05,74.12333333333,75.7,75.08,71.59,160.48,103.0,2.1464,10.10875599841,13.4302962772,83.22022900283
2023-06,73.26333333333,74.89,74.67,70.23,139.42,98.58,2.1834,10.35062473915,12.67923100243,84.31052883413
2023-07,78.98333333333,80.1,80.46,76.39,140.63,96.75,2.554,9.54528398968,12.98891009773,85.19210092749
2023-08,84.72433333333,86.163,86.61,81.4,152.61,97.6046,2.5845,11.19194456369,12.5440734797,93.08927852791
2023-09,92.22,94.0,93.08,89.58,162.47,99.85,2.6395,11.54929514615,12.21064536834,95.23010326937
2023-10,89.08366666667,91.061,90.62,85.57,142.12,128.4,2.9886,14.56950705657,12.61988140399,114.10461380273
2023-11,81.35433333333,83.183,83.45,77.43,126.82,109.0,2.7084,14.48505487638,12.72340659405,110.370695067
2023-12,75.71933333333,77.858,77.22,72.08,141.82,108.8294,2.5265,11.50665790666,14.43954521976,95.16527233838
2024-01,77.67233333333,80.227,78.86,73.93,124.9,106.75,3.1806,9.55961355312,14.3441541813,93.78743063756
2024-02,80.548,83.764,81.18,76.7,124.22,105.193,1.7211,8.14838086764,13.64499251382,68.88153866328
2024-03,83.54566666667,85.447,84.7,80.49,131.49,104.84,1.4999,8.55372632183,13.18562895162,67.81120956091
2024-04,88.01133333333,90.054,89.39,84.59,134.97,104.89,1.5967,9.08511900567,11.87776966329,70.62684727469
2024-05,81.445,81.995,83.53,78.81,142.01,105.63,2.1314,10.12306554509,12.16289610182,82.24744947083
2024-06,81.205,82.555,82.17,78.89,135.1,105.3,2.5123,10.86897789978,12.13097146549,90.39727822341
2024-07,83.25866666667,85.296,83.94,80.54,137.55,105.31,2.0751,10.34681932853,12.49096428544,82.84976113615
2024-08,78.121,80.863,77.95,75.55,145.76,106.21,1.9903,12.37459819711,13.31963657776,92.02142844138
2024-09,72.42433333333,74.293,73.43,69.55,139.2,106.07,2.2508,11.7842591911,12.96922628408,92.14092086318
2024-10,73.97066666667,75.662,74.65,71.6,146.63,106.81,2.2077,12.92013302544,12.54097969411,96.72731980129
2024-11,72.29166666667,74.395,72.79,69.69,142.12,106.82,2.1045,13.92640045783,12.82273138964,100.44877640894
2024-12,72.311,73.833,73.31,69.79,129.81,105.47,3.0229,13.85662099801,12.76,111.2270203769
