Variable,Correlation,P_Value
LoadConsumption,1.0,0.0
Aantal verkochte woningen|Ontwikkeling  t.o.v. voorgaande periode,0.2945192414657103,1.85437540146738e-172
"Opbouw bbp vanuit de finale bestedingen|Beschikbaar voor finale bestedingen|Bbp, gecorrigeerd voor werkdageneffecten",0.15147293612341794,1.367147571314047e-23
Month,0.14936190535016297,2.742404681264556e-44
euro per kWh.1,-0.138461064122609,3.022882512547902e-38
Opbouw bbp vanuit de finale bestedingen|Beschikbaar voor finale bestedingen|Bruto binnenlands product,0.12031737604238507,3.1490366523120855e-29
Prijsindex verkoopprijzen|Ontwikkeling  t.o.v. een jaar eerder,0.11190476314739821,1.7525724235285169e-25
DailyMeanTemperature,-0.11107047476477411,3.9828259376799867e-25
Aantal verkochte woningen|Aantal verkochte woningen,-0.10852959411655799,4.6713188624506325e-24
HourlyMaxTemperature,-0.10825658025841538,6.065242879232764e-24
Opbouw bbp vanuit de finale bestedingen|Beschikbaar voor finale bestedingen|Totaal,0.10784229160910344,9.00313021282263e-24
Opbouw bbp vanuit de finale bestedingen|Finale bestedingen|Totaal,0.10784229160910344,9.00313021282263e-24
Opbouw bbp vanuit de finale bestedingen|Beschikbaar voor finale bestedingen|Invoer van goederen en diensten|Goederen,0.10258701806755177,1.183533517124914e-21
Opbouw bbp vanuit de finale bestedingen|Finale bestedingen|Nationale finale bestedingen|Consumptieve bestedingen|Huishoudens,0.0994676406943121,1.9086791696638416e-20
Totale waarde verkoopprijzen,-0.09622908213058382,3.126500640761687e-19
Opbouw bbp vanuit de finale bestedingen|Finale bestedingen|Nationale finale bestedingen|Consumptieve bestedingen|Totaal,0.08995816683407609,5.4047775467283087e-17
Opbouw bbp vanuit de finale bestedingen|Finale bestedingen|Nationale finale bestedingen|Totaal,0.08912125769392955,1.0474166465253451e-16
Opbouw bbp vanuit de finale bestedingen|Beschikbaar voor finale bestedingen|Invoer van goederen en diensten|Totaal,0.08700867559367961,5.415489974796101e-16
HourlyMinTemperature,-0.08544784355526067,1.7780810313239635e-15
Opbouw bbp vanuit de finale bestedingen|Finale bestedingen|Uitvoer van goederen en diensten|Goederen,0.08512555070871865,2.2668175105732594e-15
Year,0.08394494773498015,5.475168278504416e-15
Aantal verkochte woningen|Ontwikkeling  t.o.v. een jaar eerder,0.08098465097636594,4.737753263782062e-14
CPI | 2015 = 100,0.07826907955938046,3.208093578192675e-13
CPI afgeleid | 2015 = 100,0.07607066057768454,1.4402267673325034e-12
euro per kWh.2,-0.07485750997213482,3.2401298450194782e-12
Opbouw bbp vanuit de finale bestedingen|Finale bestedingen|Uitvoer van goederen en diensten|Totaal,0.07293113291711738,1.1439096259000095e-11
euro per m3.2,-0.0705295421947442,5.2714948520173786e-11
"Natural gas, Europe | ($/mmbtu)",-0.06909276879854635,1.2841423241223413e-10
Natural gas index | (2010=100),-0.06785955339777541,2.7187842199837896e-10
Opbouw bbp vanuit de finale bestedingen|Finale bestedingen|Nationale finale bestedingen|Bruto investeringen in vaste activa|Totaal,0.06517787482645894,1.3281067003949401e-09
HDMinTemperature,-0.06351114224033177,3.4508274240392067e-09
"Liquefied natural gas, Japan | ($/mmbtu)",-0.06329574376455573,3.897301417579775e-09
Opbouw bbp vanuit de finale bestedingen|Finale bestedingen|Nationale finale bestedingen|Bruto investeringen in vaste activa|Bedrijven en huishoudens,0.06269006930088765,5.475515393315772e-09
MinHourlyMeanWindspeed,0.06266045542113745,5.566855207148139e-09
Opbouw bbp vanuit de finale bestedingen|Finale bestedingen|Nationale finale bestedingen|Verandering in voorraden,0.05830147980851819,5.859233121514028e-08
"Crude oil, WTI | ($/bbl)",-0.05137606282440738,1.7708997002108676e-06
"Crude oil, average | ($/bbl)",-0.04835863128017703,6.892133974596234e-06
"Natural gas, US | ($/mmbtu)",-0.04816328872454052,7.506164631484311e-06
"Crude oil, Dubai | ($/bbl)",-0.047768542969002285,8.910344138679363e-06
"Crude oil, Brent | ($/bbl)",-0.04583561460788781,2.0249912645321836e-05
Prijsindex verkoopprijzen|Ontwikkeling  t.o.v. voorgaande periode,0.044600345147289194,3.36658314815791e-05
Opbouw bbp vanuit de finale bestedingen|Beschikbaar voor finale bestedingen|Invoer van goederen en diensten|Diensten,0.04404755617407255,4.209197678987805e-05
nat,0.043884277139212426,4.4940997147856114e-05
Gemiddelde verkoopprijs,0.04358713044073793,5.0601047737574777e-05
DailyMeanWindspeed,0.04353594247519812,5.16418675370297e-05
HDMaxPrecipitation,0.039907906179495585,0.00020689517414586447
euro per kWh,-0.03389858372207228,0.001625023976414398
HDMinMeanWindspeed,0.02885243637446684,0.007317242997530489
Week,-0.024721387772756433,0.02156684144083928
Jaarmutatie CPI afgeleid | %,-0.022735712329817612,0.03457610651015845
Prijsindex verkoopprijzen|Prijsindex bestaande koopwoningen,0.021674703384642596,0.04394201414030385
euro per m3,0.021607607776776543,0.044600209797851766
HDMaxMeanWindspeed,-0.021443814793245246,0.04624199466860606
"Coal, Australian | ($/mt)",0.020642014735441375,0.055030530185048936
Opbouw bbp vanuit de finale bestedingen|Finale bestedingen|Nationale finale bestedingen|Bruto investeringen in vaste activa|Overheid,0.020250380470951932,0.059805347915862436
Opbouw bbp vanuit de finale bestedingen|Finale bestedingen|Uitvoer van goederen en diensten|Diensten,0.01854480409251226,0.0847677902890483
DailyPrecipitation,-0.018284453465082826,0.08923153521430892
MaxHourlyMeanWindspeed,0.016844704717913855,0.11743601453293798
Jaarmutatie CPI | %,-0.01567894777823235,0.14504407432372837
"Coal, South African ** | ($/mt)",0.01557409409422558,0.14775265474023735
euro per m3.1,0.015214057676405341,0.15734774167444315
Opbouw bbp vanuit de finale bestedingen|Finale bestedingen|Nationale finale bestedingen|Consumptieve bestedingen|Overheid,-0.011081253827824784,0.3030556054052789
MaxHourlyPrecipitation,-0.008252940838734322,0.44306598131077946
HDMaxTemperature,-0.005708109294468852,0.5957615326686726
