fold,train_start,train_end,test_start,test_end,rmse,mape,pcc,prophet_baseline_mape,stacked_rmse,stacked_mape,stacked_pcc,selected_features,forecast_features,prophet_config
1,2010-01-01,2011-11-28,2012-01-01,2012-12-31,2330.791496466383,16.704295575618744,0.5269680441108876,17.64924074766853,1847.4101798690058,12.09232256741696,0.6460144366013484,"['DailyPrecipitation', 'MaxHourlyPrecipitation', 'HDMaxPrecipitation', 'DailyMeanTemperature', 'HourlyMinTemperature', 'HDMinTemperature', 'HourlyMaxTemperature', 'yhat', 'weekly', 'trend', 'Month', 'Week', 'Werkzame beroepsbevolking|Seizoengecorrigeerd', 'euro per m3.1', 'euro per kWh.1', 'Natural gas, US | ($/mmbtu)', 'euro per m3']","['yhat', 'trend', 'weekly', 'yearly']","{'advanced': True, 'multiplicative': True, 'n_features_used': 17}"
2,2010-01-01,2012-11-28,2013-01-01,2013-12-31,2303.7165624268973,22.94611930847168,0.4538122151889246,17.123798095748434,1961.4751343198552,12.810384737050203,0.5862413135538931,"['DailyPrecipitation', 'MaxHourlyPrecipitation', 'HDMaxPrecipitation', 'DailyMeanTemperature', 'HourlyMinTemperature', 'HDMinTemperature', 'HourlyMaxTemperature', 'yhat', 'weekly', 'trend', 'yearly', 'Week', 'Month', 'euro per kWh.2', 'euro per kWh.1', 'euro per m3', 'euro per m3.1']","['yhat', 'trend', 'weekly', 'yearly']","{'advanced': True, 'multiplicative': True, 'n_features_used': 17}"
5,2010-01-01,2015-11-28,2016-01-01,2016-12-31,2400.577118111393,19.576558470726013,0.3767190601483126,19.546924809472983,2100.6054988513756,13.783255206377303,0.4107960130495657,"['DailyPrecipitation', 'MaxHourlyPrecipitation', 'HDMaxPrecipitation', 'DailyMeanTemperature', 'HourlyMinTemperature', 'HDMinTemperature', 'HourlyMaxTemperature', 'yhat', 'weekly', 'Month', 'Week', 'yearly', 'euro per m3', 'trend', 'euro per kWh.1', 'euro per m3.1', 'euro per kWh.2']","['yhat', 'trend', 'weekly', 'yearly']","{'advanced': True, 'multiplicative': True, 'n_features_used': 17}"
4,2010-01-01,2014-11-28,2015-01-01,2015-12-31,2544.9475436637194,18.737128376960754,0.4490411397821889,15.35555801942689,1723.3754402257055,10.892452563902806,0.5644695722617923,"['DailyPrecipitation', 'MaxHourlyPrecipitation', 'HDMaxPrecipitation', 'DailyMeanTemperature', 'HourlyMinTemperature', 'HDMinTemperature', 'HourlyMaxTemperature', 'yhat', 'weekly', 'yearly', 'Month', 'Week', 'trend', 'euro per m3', 'euro per kWh.2', 'euro per kWh.1', 'euro per m3.1']","['yhat', 'trend', 'weekly', 'yearly']","{'advanced': True, 'multiplicative': True, 'n_features_used': 17}"
6,2010-01-01,2016-11-28,2017-01-01,2017-12-31,2681.1382843859433,26.750335097312927,0.367243053633928,15.95805301863579,2086.5922872500264,13.423759147214643,0.40037660445031376,"['DailyPrecipitation', 'MaxHourlyPrecipitation', 'HDMaxPrecipitation', 'DailyMeanTemperature', 'HourlyMinTemperature', 'HDMinTemperature', 'HourlyMaxTemperature', 'yhat', 'weekly', 'yearly', 'Month', 'Week', 'euro per m3', 'euro per kWh.1', 'euro per m3.1', 'Beroepsbevolking|Seizoengecorrigeerd', 'Opbouw bbp vanuit de finale bestedingen|Finale bestedingen|Nationale finale bestedingen|Consumptieve bestedingen|Huishoudens']","['yhat', 'trend', 'weekly', 'yearly']","{'advanced': True, 'multiplicative': True, 'n_features_used': 17}"
7,2010-01-01,2017-11-28,2018-01-01,2018-12-31,2369.402878364083,15.964443981647491,0.32431627344390357,14.942547260489725,1873.1105330955036,11.626402448520642,0.4778192641595451,"['DailyPrecipitation', 'MaxHourlyPrecipitation', 'HDMaxPrecipitation', 'DailyMeanTemperature', 'HourlyMinTemperature', 'HDMinTemperature', 'HourlyMaxTemperature', 'yhat', 'weekly', 'Month', 'Week', 'euro per m3', 'euro per kWh.1', 'yearly', 'Beroepsbevolking|Seizoengecorrigeerd', 'euro per m3.1', 'CPI | 2015 = 100']","['yhat', 'trend', 'weekly', 'yearly']","{'advanced': True, 'multiplicative': True, 'n_features_used': 17}"
8,2010-01-01,2018-11-28,2019-01-01,2019-12-31,2291.9465526054487,19.790397584438324,0.24014992056923234,12.587239299772367,1772.8455575727644,11.23204605598631,0.34899002791118094,"['DailyPrecipitation', 'MaxHourlyPrecipitation', 'HDMaxPrecipitation', 'DailyMeanTemperature', 'HourlyMinTemperature', 'HDMinTemperature', 'HourlyMaxTemperature', 'yhat', 'weekly', 'Month', 'Week', 'euro per m3', 'euro per kWh.1', 'Beroepsbevolking|Seizoengecorrigeerd', 'euro per m3.1', 'CPI | 2015 = 100', 'Opbouw bbp vanuit de finale bestedingen|Finale bestedingen|Nationale finale bestedingen|Bruto investeringen in vaste activa|Overheid']","['yhat', 'trend', 'weekly', 'yearly']","{'advanced': True, 'multiplicative': True, 'n_features_used': 17}"
1,2010-01-01,2011-11-01,2012-01-01,2012-12-31,2647.086228289513,21.44673317670822,0.4451329790772277,15.98031158931975,2001.6971688145125,14.200196898467807,0.5790384456252929,"['DailyPrecipitation', 'MaxHourlyPrecipitation', 'HDMaxPrecipitation', 'DailyMeanTemperature', 'HourlyMinTemperature', 'HDMinTemperature', 'HourlyMaxTemperature', 'yhat', 'weekly', 'trend', 'euro per m3.1', 'euro per kWh.1', 'yearly', 'euro per m3', 'Month', 'Week', 'euro per kWh.2']","['yhat', 'trend', 'weekly', 'yearly']","{'advanced': True, 'multiplicative': True, 'n_features_used': 17}"
3,2010-01-01,2013-11-01,2014-01-01,2014-12-31,2348.5549812597533,19.890888035297394,0.695309346902877,15.473430665667252,1673.5346215698696,10.330152931538212,0.6958947077766904,"['DailyPrecipitation', 'MaxHourlyPrecipitation', 'HDMaxPrecipitation', 'DailyMeanTemperature', 'HourlyMinTemperature', 'HDMinTemperature', 'HourlyMaxTemperature', 'yhat', 'weekly', 'yearly', 'trend', 'Month', 'Week', 'euro per m3', 'euro per kWh.2', 'Coal, Australian | ($/mt)', 'euro per kWh.1']","['yhat', 'trend', 'weekly', 'yearly']","{'advanced': True, 'multiplicative': True, 'n_features_used': 17}"
4,2010-01-01,2014-11-01,2015-01-01,2015-12-31,2301.459971409453,18.033425509929657,0.563377437219822,13.280975487674862,1728.7841005852215,10.89296004338342,0.5718431398650301,"['DailyPrecipitation', 'MaxHourlyPrecipitation', 'HDMaxPrecipitation', 'DailyMeanTemperature', 'HourlyMinTemperature', 'HDMinTemperature', 'HourlyMaxTemperature', 'yhat', 'weekly', 'trend', 'Month', 'Week', 'yearly', 'euro per m3', 'euro per kWh.1', 'euro per kWh.2', 'Coal, Australian | ($/mt)']","['yhat', 'trend', 'weekly', 'yearly']","{'advanced': True, 'multiplicative': True, 'n_features_used': 17}"
5,2010-01-01,2015-11-01,2016-01-01,2016-12-31,1904.3598005629083,14.5750492811203,0.5549084046260928,15.546678572368497,1912.1690643098038,11.87446974066592,0.5641243054221527,"['DailyPrecipitation', 'MaxHourlyPrecipitation', 'HDMaxPrecipitation', 'DailyMeanTemperature', 'HourlyMinTemperature', 'HDMinTemperature', 'HourlyMaxTemperature', 'yhat', 'weekly', 'trend', 'Month', 'Week', 'euro per m3', 'yearly', 'euro per kWh.1', 'Coal, Australian | ($/mt)', 'euro per m3.1']","['yhat', 'trend', 'weekly', 'yearly']","{'advanced': True, 'multiplicative': True, 'n_features_used': 17}"
2,2010-01-01,2012-11-01,2013-01-01,2013-12-31,2006.6957293022776,12.465861439704895,0.6410689518864927,17.72123224448264,1841.6123394807908,11.74724366048855,0.6416122477324908,"['DailyPrecipitation', 'MaxHourlyPrecipitation', 'HDMaxPrecipitation', 'DailyMeanTemperature', 'HourlyMinTemperature', 'HDMinTemperature', 'HourlyMaxTemperature', 'yhat', 'weekly', 'trend', 'yearly', 'Month', 'euro per kWh.2', 'Week', 'euro per m3', 'euro per kWh.1', 'Crude oil, WTI | ($/bbl)']","['yhat', 'trend', 'weekly', 'yearly']","{'advanced': True, 'multiplicative': True, 'n_features_used': 17}"
6,2010-01-01,2016-11-01,2017-01-01,2017-12-31,3040.6334866274165,21.896076202392578,0.5410349977357488,14.369294857407489,1905.5071261501635,11.911164624798632,0.5439290069045235,"['DailyPrecipitation', 'MaxHourlyPrecipitation', 'HDMaxPrecipitation', 'DailyMeanTemperature', 'HourlyMinTemperature', 'HDMinTemperature', 'HourlyMaxTemperature', 'yhat', 'weekly', 'Month', 'Week', 'yearly', 'euro per m3', 'trend', 'euro per kWh.1', 'Opbouw bbp vanuit de finale bestedingen|Finale bestedingen|Nationale finale bestedingen|Verandering in voorraden', 'CPI afgeleid | 2015 = 100']","['yhat', 'trend', 'weekly', 'yearly']","{'advanced': True, 'multiplicative': True, 'n_features_used': 17}"
7,2010-01-01,2017-11-01,2018-01-01,2018-12-31,1983.625468681021,14.54043835401535,0.449566221723103,14.245551390361605,1887.0217719993818,11.686805796378419,0.44980710665284535,"['DailyPrecipitation', 'MaxHourlyPrecipitation', 'HDMaxPrecipitation', 'DailyMeanTemperature', 'HourlyMinTemperature', 'HDMinTemperature', 'HourlyMaxTemperature', 'yhat', 'weekly', 'Month', 'Week', 'euro per m3', 'yearly', 'euro per kWh.1', 'Opbouw bbp vanuit de finale bestedingen|Finale bestedingen|Nationale finale bestedingen|Verandering in voorraden', 'CPI afgeleid | 2015 = 100', 'CPI | 2015 = 100']","['yhat', 'trend', 'weekly', 'yearly']","{'advanced': True, 'multiplicative': True, 'n_features_used': 17}"
1,2019-01-01,2020-11-28,2021-01-01,2021-12-31,2174.6953809671827,14.504128694534302,-0.2572172323183024,13.192769934348675,1750.4526242402655,12.103703072406864,0.25936052166325385,"['DailyPrecipitation', 'MaxHourlyPrecipitation', 'HDMaxPrecipitation', 'DailyMeanTemperature', 'HourlyMinTemperature', 'HDMinTemperature', 'HourlyMaxTemperature', 'yhat', 'euro per kWh.2', 'Opbouw bbp vanuit de finale bestedingen|Beschikbaar voor finale bestedingen|Invoer van goederen en diensten|Goederen', 'weekly', 'Month', 'Week', 'Natural gas, Europe | ($/mmbtu)', 'yearly', 'euro per kWh.1', 'Opbouw bbp vanuit de finale bestedingen|Finale bestedingen|Uitvoer van goederen en diensten|Goederen']","['yhat', 'trend', 'weekly', 'yearly']","{'advanced': True, 'multiplicative': True, 'n_features_used': 17}"
3,2019-01-01,2022-11-28,2023-01-01,2023-12-31,1930.647365522767,12.041035294532776,0.27351250478723665,15.552516381986523,1811.3379643152007,11.273731589548644,0.38379970510350336,"['DailyPrecipitation', 'MaxHourlyPrecipitation', 'HDMaxPrecipitation', 'DailyMeanTemperature', 'HourlyMinTemperature', 'HDMinTemperature', 'HourlyMaxTemperature', 'yhat', 'Month', 'Week', 'euro per kWh', 'Year', 'Opbouw bbp vanuit de finale bestedingen|Beschikbaar voor finale bestedingen|Invoer van goederen en diensten|Goederen', 'weekly', 'euro per m3.1', 'euro per kWh.1', 'Opbouw bbp vanuit de finale bestedingen|Beschikbaar voor finale bestedingen|Invoer van goederen en diensten|Totaal']","['yhat', 'trend', 'weekly', 'yearly']","{'advanced': True, 'multiplicative': True, 'n_features_used': 17}"
2,2019-01-01,2021-11-28,2022-01-01,2022-12-31,2410.2321464954366,22.901810705661774,-0.01616808100441688,14.513866317282927,1899.2573633077857,13.62579286691384,0.15775145101155008,"['DailyPrecipitation', 'MaxHourlyPrecipitation', 'HDMaxPrecipitation', 'DailyMeanTemperature', 'HourlyMinTemperature', 'HDMinTemperature', 'HourlyMaxTemperature', 'yhat', 'yearly', 'Month', 'Week', 'weekly', 'Opbouw bbp vanuit de finale bestedingen|Beschikbaar voor finale bestedingen|Invoer van goederen en diensten|Goederen', 'Opbouw bbp vanuit de finale bestedingen|Beschikbaar voor finale bestedingen|Invoer van goederen en diensten|Totaal', 'Opbouw bbp vanuit de finale bestedingen|Finale bestedingen|Totaal', 'Opbouw bbp vanuit de finale bestedingen|Beschikbaar voor finale bestedingen|Totaal', 'Opbouw bbp vanuit de finale bestedingen|Finale bestedingen|Nationale finale bestedingen|Totaal']","['yhat', 'trend', 'weekly', 'yearly']","{'advanced': True, 'multiplicative': True, 'n_features_used': 17}"
4,2019-01-01,2023-11-28,2024-01-01,2024-11-29,2623.678143370486,33.91902148723602,0.10168377528932847,11.556578612690977,1834.4844199287331,11.582116773882007,0.19542822617790012,"['DailyPrecipitation', 'MaxHourlyPrecipitation', 'HDMaxPrecipitation', 'DailyMeanTemperature', 'HourlyMinTemperature', 'HDMinTemperature', 'HourlyMaxTemperature', 'yhat', 'Month', 'Week', 'weekly', 'euro per kWh', 'Jaarmutatie CPI afgeleid | %', 'Opbouw bbp vanuit de finale bestedingen|Beschikbaar voor finale bestedingen|Invoer van goederen en diensten|Goederen', 'Opbouw bbp vanuit de finale bestedingen|Finale bestedingen|Nationale finale bestedingen|Consumptieve bestedingen|Overheid', 'trend', 'Opbouw bbp vanuit de finale bestedingen|Beschikbaar voor finale bestedingen|Invoer van goederen en diensten|Totaal']","['yhat', 'trend', 'weekly', 'yearly']","{'advanced': True, 'multiplicative': True, 'n_features_used': 17}"
1,2019-01-01,2020-11-28,2021-01-01,2021-12-31,2227.9964093328335,16.633716225624084,-0.25090501122005726,13.192769934348675,1737.108996411214,11.937183041568817,0.2853664945479445,"['DailyPrecipitation', 'MaxHourlyPrecipitation', 'HDMaxPrecipitation', 'DailyMeanTemperature', 'HourlyMinTemperature', 'HDMinTemperature', 'HourlyMaxTemperature', 'yhat', 'euro per kWh.2', 'Opbouw bbp vanuit de finale bestedingen|Beschikbaar voor finale bestedingen|Invoer van goederen en diensten|Goederen', 'weekly', 'Month', 'Week', 'Natural gas, Europe | ($/mmbtu)', 'yearly', 'euro per kWh.1', 'Opbouw bbp vanuit de finale bestedingen|Finale bestedingen|Uitvoer van goederen en diensten|Goederen']","['yhat', 'trend', 'weekly', 'yearly']","{'advanced': True, 'multiplicative': True, 'n_features_used': 17}"
3,2019-01-01,2022-11-28,2023-01-01,2023-12-31,1913.6838166217533,12.08469644188881,0.19621424231331422,15.552516381986523,1894.3590002023973,11.839648348602697,0.259510374255421,"['DailyPrecipitation', 'MaxHourlyPrecipitation', 'HDMaxPrecipitation', 'DailyMeanTemperature', 'HourlyMinTemperature', 'HDMinTemperature', 'HourlyMaxTemperature', 'yhat', 'Month', 'Week', 'euro per kWh', 'Year', 'Opbouw bbp vanuit de finale bestedingen|Beschikbaar voor finale bestedingen|Invoer van goederen en diensten|Goederen', 'weekly', 'euro per m3.1', 'euro per kWh.1', 'Opbouw bbp vanuit de finale bestedingen|Beschikbaar voor finale bestedingen|Invoer van goederen en diensten|Totaal']","['yhat', 'trend', 'weekly', 'yearly']","{'advanced': True, 'multiplicative': True, 'n_features_used': 17}"
4,2019-01-01,2023-11-28,2024-01-01,2024-11-29,2272.1457919772665,24.82432872056961,0.12733238286173185,11.556578612690977,1834.0126898736946,11.540389187688717,0.19668954664871616,"['DailyPrecipitation', 'MaxHourlyPrecipitation', 'HDMaxPrecipitation', 'DailyMeanTemperature', 'HourlyMinTemperature', 'HDMinTemperature', 'HourlyMaxTemperature', 'yhat', 'Month', 'Week', 'weekly', 'euro per kWh', 'Jaarmutatie CPI afgeleid | %', 'Opbouw bbp vanuit de finale bestedingen|Beschikbaar voor finale bestedingen|Invoer van goederen en diensten|Goederen', 'Opbouw bbp vanuit de finale bestedingen|Finale bestedingen|Nationale finale bestedingen|Consumptieve bestedingen|Overheid', 'trend', 'Opbouw bbp vanuit de finale bestedingen|Beschikbaar voor finale bestedingen|Invoer van goederen en diensten|Totaal']","['yhat', 'trend', 'weekly', 'yearly']","{'advanced': True, 'multiplicative': True, 'n_features_used': 17}"
2,2019-01-01,2021-11-28,2022-01-01,2022-12-31,2171.9555704479776,16.414299607276917,0.09686206578871119,14.513866317282927,1767.2615108375608,12.451719363281889,0.39460608817325205,"['DailyPrecipitation', 'MaxHourlyPrecipitation', 'HDMaxPrecipitation', 'DailyMeanTemperature', 'HourlyMinTemperature', 'HDMinTemperature', 'HourlyMaxTemperature', 'yhat', 'yearly', 'Month', 'Week', 'weekly', 'Opbouw bbp vanuit de finale bestedingen|Beschikbaar voor finale bestedingen|Invoer van goederen en diensten|Goederen', 'Opbouw bbp vanuit de finale bestedingen|Beschikbaar voor finale bestedingen|Invoer van goederen en diensten|Totaal', 'Opbouw bbp vanuit de finale bestedingen|Finale bestedingen|Totaal', 'Opbouw bbp vanuit de finale bestedingen|Beschikbaar voor finale bestedingen|Totaal', 'Opbouw bbp vanuit de finale bestedingen|Finale bestedingen|Nationale finale bestedingen|Totaal']","['yhat', 'trend', 'weekly', 'yearly']","{'advanced': True, 'multiplicative': True, 'n_features_used': 17}"
1,2010-01-01,2011-07-04,2012-01-01,2012-12-31,24.437976256610018,"['DailyPrecipitation', 'MaxHourlyPrecipitation', 'HDMaxPrecipitation', 'DailyMeanTemperature', 'HourlyMinTemperature', 'HDMinTemperature', 'HourlyMaxTemperature', 'yhat', 'weekly', 'trend', 'Gemiddelde verkoopprijs', 'yearly', 'Liquefied natural gas, Japan | ($/mmbtu)', 'Opbouw bbp vanuit de finale bestedingen|Finale bestedingen|Uitvoer van goederen en diensten|Goederen', 'CPI | 2015 = 100', 'CPI afgeleid | 2015 = 100', 'Beroepsbevolking|Seizoengecorrigeerd']","['yhat', 'trend', 'weekly', 'yearly']","{'advanced': True, 'multiplicative': True, 'n_features_used': 17}",2291.8694334538345,15.954020619392395,0.5765790103063501,2431.9192009604267,19.62396502494812,0.6011366374204015,,,
3,2010-01-01,2013-07-04,2014-01-01,2014-12-31,21.58008988908632,"['DailyPrecipitation', 'MaxHourlyPrecipitation', 'HDMaxPrecipitation', 'DailyMeanTemperature', 'HourlyMinTemperature', 'HDMinTemperature', 'HourlyMaxTemperature', 'yhat', 'weekly', 'trend', 'Opbouw bbp vanuit de finale bestedingen|Beschikbaar voor finale bestedingen|Bbp, gecorrigeerd voor werkdageneffecten', 'Opbouw bbp vanuit de finale bestedingen|Finale bestedingen|Nationale finale bestedingen|Verandering in voorraden', 'Opbouw bbp vanuit de finale bestedingen|Finale bestedingen|Nationale finale bestedingen|Totaal', 'Werkzame beroepsbevolking|Seizoengecorrigeerd', 'Opbouw bbp vanuit de finale bestedingen|Beschikbaar voor finale bestedingen|Bruto binnenlands product', 'Opbouw bbp vanuit de finale bestedingen|Finale bestedingen|Nationale finale bestedingen|Bruto investeringen in vaste activa|Totaal', 'Opbouw bbp vanuit de finale bestedingen|Finale bestedingen|Nationale finale bestedingen|Bruto investeringen in vaste activa|Bedrijven en huishoudens']","['yhat', 'trend', 'weekly', 'yearly']","{'advanced': True, 'multiplicative': True, 'n_features_used': 17}",2179.0813431352212,18.244758248329163,0.5512723593741271,2220.9226686222105,15.674568712711334,0.40505615593936695,,,
4,2010-01-01,2014-07-04,2015-01-01,2015-12-31,18.084916909984425,"['DailyPrecipitation', 'MaxHourlyPrecipitation', 'HDMaxPrecipitation', 'DailyMeanTemperature', 'HourlyMinTemperature', 'HDMinTemperature', 'HourlyMaxTemperature', 'yhat', 'weekly', 'trend', 'Opbouw bbp vanuit de finale bestedingen|Finale bestedingen|Nationale finale bestedingen|Verandering in voorraden', 'Aantal verkochte woningen|Aantal verkochte woningen', 'Totale waarde verkoopprijzen', 'Opbouw bbp vanuit de finale bestedingen|Beschikbaar voor finale bestedingen|Bbp, gecorrigeerd voor werkdageneffecten', 'Beroepsbevolking|Seizoengecorrigeerd', 'Gemiddelde verkoopprijs', 'Opbouw bbp vanuit de finale bestedingen|Finale bestedingen|Nationale finale bestedingen|Totaal']","['yhat', 'trend', 'weekly', 'yearly']","{'advanced': True, 'multiplicative': True, 'n_features_used': 17}",1970.6768507292109,14.204314351081848,0.46327183411443523,2176.195533494176,19.276437163352966,0.41052618888175185,,,
2,2010-01-01,2012-07-04,2013-01-01,2013-12-31,20.411475990154873,"['DailyPrecipitation', 'MaxHourlyPrecipitation', 'HDMaxPrecipitation', 'DailyMeanTemperature', 'HourlyMinTemperature', 'HDMinTemperature', 'HourlyMaxTemperature', 'yhat', 'weekly', 'trend', 'yearly', 'Gemiddelde verkoopprijs', 'Opbouw bbp vanuit de finale bestedingen|Beschikbaar voor finale bestedingen|Bbp, gecorrigeerd voor werkdageneffecten', 'Werkzame beroepsbevolking|Seizoengecorrigeerd', 'euro per kWh.2', 'Prijsindex verkoopprijzen|Ontwikkeling  t.o.v. voorgaande periode', 'Beroepsbevolking|Seizoengecorrigeerd']","['yhat', 'trend', 'weekly', 'yearly']","{'advanced': True, 'multiplicative': True, 'n_features_used': 17}",2230.4246232500213,45.92341482639313,0.37570706406497956,1843.2486267457248,34.40053164958954,0.6050928395838854,,,
5,2010-01-01,2015-07-04,2016-01-01,2016-12-31,15.197822379268269,"['DailyPrecipitation', 'MaxHourlyPrecipitation', 'HDMaxPrecipitation', 'DailyMeanTemperature', 'HourlyMinTemperature', 'HDMinTemperature', 'HourlyMaxTemperature', 'yhat', 'weekly', 'Opbouw bbp vanuit de finale bestedingen|Finale bestedingen|Nationale finale bestedingen|Verandering in voorraden', 'Aantal verkochte woningen|Aantal verkochte woningen', 'Totale waarde verkoopprijzen', 'Opbouw bbp vanuit de finale bestedingen|Finale bestedingen|Nationale finale bestedingen|Totaal', 'Opbouw bbp vanuit de finale bestedingen|Finale bestedingen|Nationale finale bestedingen|Bruto investeringen in vaste activa|Totaal', 'Beroepsbevolking|Seizoengecorrigeerd', 'Opbouw bbp vanuit de finale bestedingen|Finale bestedingen|Nationale finale bestedingen|Bruto investeringen in vaste activa|Bedrijven en huishoudens', 'Gemiddelde verkoopprijs']","['yhat', 'trend', 'weekly', 'yearly']","{'advanced': True, 'multiplicative': True, 'n_features_used': 17}",2184.4081578313153,13.522689044475555,0.4816361271971815,1946.1865917737694,12.181406468153,0.5594598981910028,,,
6,2010-01-01,2016-07-04,2017-01-01,2017-12-31,14.902800222149398,"['DailyPrecipitation', 'MaxHourlyPrecipitation', 'HDMaxPrecipitation', 'DailyMeanTemperature', 'HourlyMinTemperature', 'HDMinTemperature', 'HourlyMaxTemperature', 'yhat', 'weekly', 'Opbouw bbp vanuit de finale bestedingen|Finale bestedingen|Nationale finale bestedingen|Verandering in voorraden', 'Aantal verkochte woningen|Aantal verkochte woningen', 'Totale waarde verkoopprijzen', 'Beroepsbevolking|Seizoengecorrigeerd', 'Year', 'Crude oil, WTI | ($/bbl)', 'Aantal verkochte woningen|Ontwikkeling  t.o.v. voorgaande periode', 'WeekKey']","['yhat', 'trend', 'weekly', 'yearly']","{'advanced': True, 'multiplicative': True, 'n_features_used': 17}",2182.6339592336594,12.502965331077576,0.47400730313889555,2219.97736474947,14.34125155210495,0.3749468939183499,,,
7,2010-01-01,2017-07-04,2018-01-01,2018-12-31,13.340521860748114,"['DailyPrecipitation', 'MaxHourlyPrecipitation', 'HDMaxPrecipitation', 'DailyMeanTemperature', 'HourlyMinTemperature', 'HDMinTemperature', 'HourlyMaxTemperature', 'yhat', 'weekly', 'Opbouw bbp vanuit de finale bestedingen|Finale bestedingen|Nationale finale bestedingen|Verandering in voorraden', 'Aantal verkochte woningen|Aantal verkochte woningen', 'Totale waarde verkoopprijzen', 'Beroepsbevolking|Seizoengecorrigeerd', 'Year', 'WeekKey', 'Crude oil, WTI | ($/bbl)', 'Aantal verkochte woningen|Ontwikkeling  t.o.v. voorgaande periode']","['yhat', 'trend', 'weekly', 'yearly']","{'advanced': True, 'multiplicative': True, 'n_features_used': 17}",2199.9280670058283,13.05210143327713,0.3505401091823481,2072.7952141974856,14.554966986179352,0.36800854476277584,,,
8,2010-01-01,2018-07-04,2019-01-01,2019-12-31,12.814124229370877,"['DailyPrecipitation', 'MaxHourlyPrecipitation', 'HDMaxPrecipitation', 'DailyMeanTemperature', 'HourlyMinTemperature', 'HDMinTemperature', 'HourlyMaxTemperature', 'yhat', 'weekly', 'Aantal verkochte woningen|Aantal verkochte woningen', 'Totale waarde verkoopprijzen', 'Opbouw bbp vanuit de finale bestedingen|Finale bestedingen|Nationale finale bestedingen|Verandering in voorraden', 'Beroepsbevolking|Seizoengecorrigeerd', 'Year', 'WeekKey', 'Crude oil, WTI | ($/bbl)', 'Crude oil, average | ($/bbl)']","['yhat', 'trend', 'weekly', 'yearly']","{'advanced': True, 'multiplicative': True, 'n_features_used': 17}",2179.7675334769074,14.178381860256195,0.17401345818101785,2119.9139133464832,13.323244452476501,0.19993329751939262,,,
9,2010-01-01,2019-07-04,2020-01-01,2020-12-31,13.338712130239191,"['DailyPrecipitation', 'MaxHourlyPrecipitation', 'HDMaxPrecipitation', 'DailyMeanTemperature', 'HourlyMinTemperature', 'HDMinTemperature', 'HourlyMaxTemperature', 'yhat', 'weekly', 'Opbouw bbp vanuit de finale bestedingen|Finale bestedingen|Nationale finale bestedingen|Verandering in voorraden', 'Aantal verkochte woningen|Aantal verkochte woningen', 'Totale waarde verkoopprijzen', 'euro per kWh.1', 'Crude oil, WTI | ($/bbl)', 'Crude oil, average | ($/bbl)', 'Crude oil, Brent | ($/bbl)', 'Crude oil, Dubai | ($/bbl)']","['yhat', 'trend', 'weekly', 'yearly']","{'advanced': True, 'multiplicative': True, 'n_features_used': 17}",2427.3209511723003,15.979278087615967,-0.10048809585325756,1941.4705122664109,14.563299715518951,0.06258635971909564,,,
10,2010-01-01,2020-07-04,2021-01-01,2021-12-31,14.574157235781815,"['DailyPrecipitation', 'MaxHourlyPrecipitation', 'HDMaxPrecipitation', 'DailyMeanTemperature', 'HourlyMinTemperature', 'HDMinTemperature', 'HourlyMaxTemperature', 'yhat', 'weekly', 'Opbouw bbp vanuit de finale bestedingen|Finale bestedingen|Nationale finale bestedingen|Verandering in voorraden', 'Aantal verkochte woningen|Aantal verkochte woningen', 'Totale waarde verkoopprijzen', 'euro per kWh.1', 'Prijsindex verkoopprijzen|Prijsindex bestaande koopwoningen', 'Gemiddelde verkoopprijs', 'Opbouw bbp vanuit de finale bestedingen|Finale bestedingen|Nationale finale bestedingen|Consumptieve bestedingen|Huishoudens', 'Opbouw bbp vanuit de finale bestedingen|Finale bestedingen|Nationale finale bestedingen|Consumptieve bestedingen|Totaal']","['yhat', 'trend', 'weekly', 'yearly']","{'advanced': True, 'multiplicative': True, 'n_features_used': 17}",1929.181627011827,13.418728113174438,0.21833799602768,2037.0725932082048,13.7531116604805,-0.011298190347888495,,,
