,Fold-1,Fold-2,Fold-3,Fold-4,Fold-5,Fold-6,Fold-7,Fold-8
Aantal verkochte woningen|Aantal verkochte woningen,0.029570907524721177,0.009821562056285236,0.11401651675215421,0.008709517616832311,0.08145210155213461,0.06261414184763867,-0.004013192753766305,0.1020102067659625
Aantal verkochte woningen|Ontwikkeling  t.o.v. een jaar eerder,-0.20900557552682464,0.1075665305634236,0.06681316812593806,-0.07069622901774272,0.0248179732338867,-0.05621496422773295,-0.08982212334645817,-0.01668745754761025
Aantal verkochte woningen|Ontwikkeling  t.o.v. voorgaande periode,-0.045369016401587615,0.04022212912214635,0.04012177531379352,0.0560366499542107,-0.03207233021501411,-0.020383393106472747,-0.019988882321178337,0.004402303463804313
Beroepsbevolking|Seizoengecorrigeerd,0.15523577307752617,0.08145018347381097,0.19265839974414203,0.22934477029298314,-0.038832211919815084,-0.07674475652348145,-0.004920533897958248,0.15068541615727388
CPI afgeleid | 2015 = 100,0.08992346286830459,-0.007825877619304812,-0.0011482075213496254,-0.09265143813341904,-0.07096677739166317,-0.008732868998992609,-0.055947134970074204,0.07964043971328554
CPI | 2015 = 100,0.08475946566907823,-0.0053463218771826575,0.08053067327643887,-0.15602105789767065,-0.10147793142404432,-0.01903353295629047,-0.06385705841972315,0.06249775635613536
"Coal, Australian | ($/mt)",0.0,0.0,0.0,0.0,0.0,0.0,0.28232888723915894,0.0
"Coal, South African ** | ($/mt)",0.0,0.0,0.0,0.0,0.0,0.0,0.23036390411849902,0.0
"Crude oil, Brent | ($/bbl)",0.0,-0.1660058483866004,0.0,0.0,0.0,0.0,0.0,0.0
"Crude oil, WTI | ($/bbl)",0.0,-0.1568480364945514,0.0,0.0,0.0,0.0,0.0,0.0
"Crude oil, average | ($/bbl)",0.0,-0.169691338579482,0.0,0.0,0.0,0.0,0.0,0.0
DailyMeanTemperature,-0.03336581739735887,0.03797647468159714,-0.15401589784327585,-0.05452278372744484,-0.025641202886476276,0.01881836507582527,-0.07644563991859557,-0.10289690921503908
DailyPrecipitation,0.03774139549872274,0.06874915238363778,0.03861644325562984,0.046471517039982195,0.01745981371489775,0.005174113533427398,0.04381928692137805,0.08010777931381928
Gemiddelde verkoopprijs,0.0361122235377441,-0.013929987370692388,-0.12743530888181803,-0.09856334178420201,-0.04593042518562089,0.011920200551182978,-0.0649070435000249,0.017456614806385946
HDMaxPrecipitation,-0.015707479737910677,0.01942616566562145,0.038438440109475884,0.01972879858255761,0.05416348244731564,0.03859947214619365,0.007223507793051881,0.028900149327411126
HDMinTemperature,0.05607491526602766,0.007851321700138829,0.028574141757733637,0.016638562289012934,0.016275146465814308,-0.02755279335924541,0.024466693542271444,0.06466504039791103
HourlyMaxTemperature,-0.049854226022401645,0.03494733847774748,-0.16728385945290286,-0.067235247197069,-0.0444697301740172,-0.0009737183807053408,-0.08442339681492585,-0.11556057571265849
HourlyMinTemperature,-0.0149128139601586,0.047961087526567345,-0.12564036817814478,-0.03440729849273579,0.00971523019849502,0.034535307584128545,-0.04701329564796679,-0.07087063932160356
Jaarmutatie CPI afgeleid | %,0.1759097486947125,0.10927554287804273,-0.008338732950512778,0.06922160115002776,0.03612401749968084,0.060513182541803934,-0.14606651611978094,0.19608501919635266
Jaarmutatie CPI | %,0.18642384802612968,0.10243073141708398,0.21572819251299552,0.08873387357798847,0.09725884865105132,0.1085107269773382,-0.14854578750990072,0.1616193637490933
"Liquefied natural gas, Japan | ($/mmbtu)",0.0,0.0,-0.259848288611771,0.0,0.0,0.0,-0.22373326183223582,0.0
MaxHourlyPrecipitation,0.025034809828323523,0.06347453333473285,0.008755142615849976,0.0379322251987101,0.013051691783193665,0.0024559652698877754,0.04488403662759495,0.05497204719575269
Month,0.1912113273752269,0.21511997083073803,0.0,0.21668973122957527,0.21223054411064085,0.19930605289333495,0.289557038716323,0.2945109243962448
Natural gas index | (2010=100),0.0,0.0,0.0,0.0,0.19059535416352474,0.0,0.0,0.25299365993116424
"Natural gas, US | ($/mmbtu)",0.0,0.0,0.0,0.0,0.18294590066066968,0.0,0.0,0.22811974205196375
"Opbouw bbp vanuit de finale bestedingen|Beschikbaar voor finale bestedingen|Bbp, gecorrigeerd voor werkdageneffecten",0.0,0.0,-0.20644999797187213,0.0,0.0,0.0,-0.24476545546597914,0.0
Opbouw bbp vanuit de finale bestedingen|Beschikbaar voor finale bestedingen|Bruto binnenlands product,0.14189262858390359,-0.05171011396275134,-0.23422694894652032,0.03848480991407502,0.056820244852083014,-0.12440174577020639,-0.30945494538234625,-0.15853015873248397
Opbouw bbp vanuit de finale bestedingen|Beschikbaar voor finale bestedingen|Invoer van goederen en diensten|Diensten,0.0,0.0,0.0,0.21836875539240724,0.0,0.0,0.0,0.0
Opbouw bbp vanuit de finale bestedingen|Beschikbaar voor finale bestedingen|Invoer van goederen en diensten|Goederen,0.0,0.0,0.0,0.0,-0.19381458551262276,0.0,0.0,0.0
Opbouw bbp vanuit de finale bestedingen|Beschikbaar voor finale bestedingen|Invoer van goederen en diensten|Totaal,0.0,0.0,0.0,0.21608735910191484,0.0,0.0,0.0,0.0
Opbouw bbp vanuit de finale bestedingen|Beschikbaar voor finale bestedingen|Totaal,0.04296093145411957,-0.06186799911768517,-0.10721631521120899,0.17776385330055383,-0.11451040375960733,0.14216963341880995,-0.16748509346833135,-0.16629044156314024
Opbouw bbp vanuit de finale bestedingen|Finale bestedingen|Nationale finale bestedingen|Bruto investeringen in vaste activa|Bedrijven en huishoudens,0.0,0.0,-0.20788984383795903,0.2320350952512402,0.0,0.0,0.0,0.0
Opbouw bbp vanuit de finale bestedingen|Finale bestedingen|Nationale finale bestedingen|Bruto investeringen in vaste activa|Overheid,0.0,0.0,0.0,0.0,0.0,0.22191659562801555,0.22667230384450507,0.0
Opbouw bbp vanuit de finale bestedingen|Finale bestedingen|Nationale finale bestedingen|Bruto investeringen in vaste activa|Totaal,0.0,0.0,-0.19993959597241212,0.2293489549891451,0.0,0.0,0.0,0.0
Opbouw bbp vanuit de finale bestedingen|Finale bestedingen|Nationale finale bestedingen|Consumptieve bestedingen|Huishoudens,0.22002357391395033,-0.20299381322596738,-0.2676972567903311,0.0,0.0,0.19368547332899447,0.0,-0.19618967316909483
Opbouw bbp vanuit de finale bestedingen|Finale bestedingen|Nationale finale bestedingen|Consumptieve bestedingen|Overheid,0.0,0.0,0.0,-0.21115536126239695,0.0,-0.1928646968998892,0.0,0.0
Opbouw bbp vanuit de finale bestedingen|Finale bestedingen|Nationale finale bestedingen|Consumptieve bestedingen|Totaal,0.1946552099290887,-0.16320874876666422,0.0,0.0,0.0,0.0,0.0,-0.2017995446430793
Opbouw bbp vanuit de finale bestedingen|Finale bestedingen|Nationale finale bestedingen|Totaal,0.0,0.0,-0.23959306901351882,0.0,0.0,0.0,0.0,0.0
Opbouw bbp vanuit de finale bestedingen|Finale bestedingen|Nationale finale bestedingen|Verandering in voorraden,0.0,0.0,-0.20806118875663918,0.0,0.0,0.0,0.0,0.0
Opbouw bbp vanuit de finale bestedingen|Finale bestedingen|Uitvoer van goederen en diensten|Goederen,0.0,-0.16624373153097446,0.0,0.0,-0.18293627789445774,0.0,0.0,0.0
Prijsindex verkoopprijzen|Ontwikkeling  t.o.v. een jaar eerder,0.1559512134298414,-0.029640322821033224,-0.09217697194427789,-0.11733840556877775,-0.11040963991186621,-0.042295867189982114,-0.12372433046866141,-0.0732675212113823
Prijsindex verkoopprijzen|Ontwikkeling  t.o.v. voorgaande periode,-0.10098489969902902,-0.03603410097519946,0.02156255610020428,-0.043927100312962784,-0.05878934162463153,-0.011417909750249585,-0.11882643635203179,-0.08987049006977212
Prijsindex verkoopprijzen|Prijsindex bestaande koopwoningen,-0.11895366015470946,-0.02199719934104291,-0.14892472239080637,-0.12991108126603482,-0.1465135832516409,-0.056663702762591646,-0.018767306985515268,0.10382305766489819
Totale waarde verkoopprijzen,0.02818133868226394,-0.0055246620533044005,0.09819159470372964,-0.0016613460721181536,0.05663269457709741,0.04523068861329261,-0.023111830220493047,0.0711203865718607
Week,0.20610257373836213,0.21245142143539245,0.0,0.0,0.20923023403066654,0.21429708011435022,0.28844309117244776,0.28739781597548775
Werkloze beroepsbevolking|Seizoengecorrigeerd,-0.16738423584052217,0.08825681189810905,0.09840494509211739,0.024047022089364947,0.05103253893508173,0.06674180741607255,-0.001348598765949746,-0.028743286608714516
Werkzame beroepsbevolking|Seizoengecorrigeerd,0.2383533186271603,0.07159520679604378,0.05585412526908287,0.20774776214428325,-0.06008631696396068,-0.07376583526224793,-0.0023565348229850317,0.1205897981391133
Year,0.0,0.0,0.0,0.0,-0.1962054493329265,-0.19283604170103646,0.0,0.0
euro per kWh,0.0,0.0,0.0,0.0,-0.19588944173712336,0.0,0.0,-0.29308039943602315
euro per kWh.1,-0.21809596261430375,-0.19358620813008567,0.0,0.22697063843511306,0.0,0.0,0.0,-0.2917920754795265
euro per kWh.2,0.2048384011628289,0.0,0.0,0.22058584238115822,0.0,0.2089047244190961,0.0,0.0
euro per m3,0.21725707112467904,0.19039384218519712,0.0,0.23696371228869478,0.1961412929735084,0.20663514203527641,0.27893975601803184,0.0
euro per m3.1,0.2190266095565801,0.0,0.0,0.0,0.19960661957911485,-0.20348532532051888,0.0,-0.2790031074852742
euro per m3.2,0.0,0.0,0.0,0.0,0.0,0.2045953485483988,-0.2868137505198891,0.0
nat,0.0,0.0,0.0,0.0,0.0,0.0,0.0,0.2794803438317102
trend,0.0,0.0,0.0,0.0,0.0,0.0,0.0,0.0
weekly,0.0,0.0,0.0,0.0,0.0,0.0,0.0,0.0
yearly,0.0,0.0,0.0,0.0,0.0,0.0,0.0,0.0
yhat,0.0,0.0,0.0,0.0,0.0,0.0,0.0,0.0
